censor,platform,granularity,first_date,evidence,n_tested,n_blocked,notes,suffix_date,lifted_date,first_date_meaning,rule_source_blocked_names,coverage_source
CN,github.io,per-name (tenant),2020-03-20,GFWatch (DNS) 2020-03-20..2024-09-06; OONI CN 2026-07..09; gfwlist (weak),980,6,"GFWatch: 456 censored names, 259 tenants, 230 distinct inferred rules; gfwlist suffix rule first 2016-09-04, current since 2020-07-17; OONI: 6/980 tested host names blocked",,,earliest GFWatch first_checked among tenant names (upper bound on onset; 2020-03-20 = GFWatch start),456,OONI CN web_connectivity 2026-07-01..2026-10-01: distinct host names with >= 3 non-failed measurements (blocked = >= 50% anomalous or confirmed)
CN,pages.dev,per-name (tenant),2022-05-02,GFWatch (DNS) 2020-03-20..2024-09-06; OONI CN 2026-07..09; gfwlist (weak),4,4,"GFWatch: 12 censored names, 6 tenants, 6 distinct inferred rules; gfwlist suffix rule first 2022-03-12 (not in the 2026-10-02 list); OONI: 4/4 tested host names blocked",,,earliest GFWatch first_checked among tenant names (upper bound on onset; 2020-03-20 = GFWatch start),12,OONI CN web_connectivity 2026-07-01..2026-10-01: distinct host names with >= 3 non-failed measurements (blocked = >= 50% anomalous or confirmed)
CN,workers.dev,"mixed (tenant, then suffix)",2021-03-21,GFWatch (DNS) 2020-03-20..2024-09-06; OONI CN 2026-07..09; gfwlist (weak),1100,984,"OONI counts only <worker>.<account>.workers.dev names (single-label account names do not resolve and always look 'ok'); 5 tenant(s) blocked before the suffix rule (3 of those rows still carry a tenant-specific inferred rule); GFWatch: 26,353 censored names, 7,339 tenants, 12 distinct inferred rules; gfwlist suffix rule first 2022-05-22, current since 2022-05-22; 2026 mechanism in the kept raw OONI measurement 20260929202119.196158_CN_webconnectivity_3d44e33e0974bd1a: DNS consistent, TCP connect ok, TLS reset after ClientHello on all 4 IPs (SNI-triggered); GFWatch's 2022-24 rule was DNS; OONI: 984/1100 tested host names blocked",2022-04-30,,first_checked of the earliest tenant blocked before the suffix rule (upper bound on onset); suffix_date = bare suffix first seen DNS-blocked,26353,OONI CN web_connectivity 2026-07-01..2026-10-01: distinct host names with >= 3 non-failed measurements (blocked = >= 50% anomalous or confirmed)
CN,vercel.app,"mixed (tenant, then suffix)",2022-07-15,GFWatch (DNS) 2020-03-20..2024-09-06; OONI CN 2026-07..09; gfwlist (weak),1008,1008,"1 tenant(s) blocked before the suffix rule (1 of those rows still carry a tenant-specific inferred rule); GFWatch: 124,254 censored names, 63,265 tenants, 2 distinct inferred rules; gfwlist suffix rule first 2022-09-26, current since 2022-09-26; OONI: 1008/1008 tested host names blocked",2022-08-26,,first_checked of the earliest tenant blocked before the suffix rule (upper bound on onset); suffix_date = bare suffix first seen DNS-blocked,124254,OONI CN web_connectivity 2026-07-01..2026-10-01: distinct host names with >= 3 non-failed measurements (blocked = >= 50% anomalous or confirmed)
CN,netlify.app,per-name (tenant),2022-05-02,GFWatch (DNS) 2020-03-20..2024-09-06; OONI CN 2026-07..09; gfwlist (weak),1,1,"GFWatch: 16 censored names, 8 tenants, 8 distinct inferred rules; gfwlist suffix rule first 2025-03-13, current since 2025-03-13; OONI: 1/1 tested host names blocked",,,earliest GFWatch first_checked among tenant names (upper bound on onset; 2020-03-20 = GFWatch start),16,OONI CN web_connectivity 2026-07-01..2026-10-01: distinct host names with >= 3 non-failed measurements (blocked = >= 50% anomalous or confirmed)
CN,herokuapp.com,"mixed (tenant, then suffix)",2020-08-31,GFWatch (DNS) 2020-03-20..2024-09-06; OONI CN 2026-07..09; gfwlist (weak),376,357,"54 tenant(s) blocked before the suffix rule (29 of those rows still carry a tenant-specific inferred rule); GFWatch: 143,792 censored names, 72,261 tenants, 22 distinct inferred rules; gfwlist suffix rule first 2024-12-31, current since 2024-12-31; OONI 2026: 17 of 18 tested Heroku routing names (*.ingress.herokuapp.com, *-virginia.herokuapp.com) not anomalous (1 intermittent, 0 blocked) while 357 of the other 358 tested names were blocked; GFWatch has 18 DNS-blocked names under ingress.herokuapp.com (2023-01-01..2024-07-21); OONI: 357/376 tested host names blocked",2022-10-11,,first_checked of the earliest tenant blocked before the suffix rule (upper bound on onset); suffix_date = bare suffix first seen DNS-blocked,143792,OONI CN web_connectivity 2026-07-01..2026-10-01: distinct host names with >= 3 non-failed measurements (blocked = >= 50% anomalous or confirmed)
CN,appspot.com,suffix-wide rule,2020-03-20,GFWatch (DNS) 2020-03-20..2024-09-06; OONI CN 2026-07..09; gfwlist (weak),597,597,"GFWatch: 76,491 censored names, 42,001 tenants, 3 distinct inferred rules; gfwlist suffix rule first 2009-10-01, current since 2010-08-26; OONI: 597/597 tested host names blocked",2020-03-20,,bare suffix first seen DNS-blocked by GFWatch (= GFWatch start: left-censored),76491,OONI CN web_connectivity 2026-07-01..2026-10-01: distinct host names with >= 3 non-failed measurements (blocked = >= 50% anomalous or confirmed)
CN,web.app,per-name (tenant),2021-03-21,GFWatch (DNS) 2020-03-20..2024-09-06; OONI CN 2026-07..09; gfwlist (weak),380,0,"GFWatch: 4 censored names, 3 tenants, 3 distinct inferred rules; OONI: 0/380 tested host names blocked",,,earliest GFWatch first_checked among tenant names (upper bound on onset; 2020-03-20 = GFWatch start),4,OONI CN web_connectivity 2026-07-01..2026-10-01: distinct host names with >= 3 non-failed measurements (blocked = >= 50% anomalous or confirmed)
CN,firebaseapp.com,per-name (tenant),2020-09-24,GFWatch (DNS) 2020-03-20..2024-09-06; OONI CN 2026-07..09; gfwlist (weak),0,0,"GFWatch: 7 censored names, 4 tenants, 4 distinct inferred rules",,,earliest GFWatch first_checked among tenant names (upper bound on onset; 2020-03-20 = GFWatch start),7,OONI CN web_connectivity 2026-07-01..2026-10-01: distinct host names with >= 3 non-failed measurements (blocked = >= 50% anomalous or confirmed)
CN,cloudfront.net,per-name (tenant),2020-03-20,GFWatch (DNS) 2020-03-20..2024-09-06; OONI CN 2026-07..09; gfwlist (weak),78,26,"GFWatch: 186 censored names, 126 tenants, 156 distinct inferred rules; gfwlist suffix rule first 2025-03-04 (not in the 2026-10-02 list); OONI: 26/78 tested host names blocked",,,earliest GFWatch first_checked among tenant names (upper bound on onset; 2020-03-20 = GFWatch start),186,OONI CN web_connectivity 2026-07-01..2026-10-01: distinct host names with >= 3 non-failed measurements (blocked = >= 50% anomalous or confirmed)
CN,azurewebsites.net,per-name (tenant),2020-03-20,GFWatch (DNS) 2020-03-20..2024-09-06; OONI CN 2026-07..09; gfwlist (weak),3,2,"GFWatch: 46 censored names, 28 tenants, 32 distinct inferred rules; OONI: 2/3 tested host names blocked",,,earliest GFWatch first_checked among tenant names (upper bound on onset; 2020-03-20 = GFWatch start),46,OONI CN web_connectivity 2026-07-01..2026-10-01: distinct host names with >= 3 non-failed measurements (blocked = >= 50% anomalous or confirmed)
CN,azurefd.net,"mixed (tenant, then suffix)",2024-01-29,GFWatch (DNS) 2020-03-20..2024-09-06; OONI CN 2026-07..09; gfwlist (weak),227,149,"GFWatch: 3 censored names, 2 tenants, 3 distinct inferred rules; platform-wide episode: 39 of the 39 most-measured *.a02.azurefd.net endpoints anomalous in >= 50% of their measurements (median 64%) from the first OONI test (2025-08-02, left-censored) to 2026-09-04 (65% of 2,551 measurements; weekly 36%-100%), then 0.4% from 2026-09-05 (1 endpoint with any anomaly after); TLS reset after ClientHello with consistent DNS (raw OONI measurements); name vs (IP,name) trigger undetermined; OONI: 149/227 tested host names blocked",2025-08-02,2026-09-05,earliest GFWatch first_checked among tenant names (upper bound on onset; 2020-03-20 = GFWatch start),3,OONI CN web_connectivity 2026-07-01..2026-10-01: distinct host names with >= 3 non-failed measurements (blocked = >= 50% anomalous or confirmed)
CN,run.app,insufficient coverage,,GFWatch (DNS) 2020-03-20..2024-09-06; OONI CN 2026-07..09; gfwlist (weak),0,0,bare suffix is in the Tranco top-1M of 2024-09-01 (GFWatch daily input) and never appears in GFWatch: no suffix-wide DNS rule 2020-03..2024-09; how many tenant names GFWatch tested is unknown,,,,0,OONI CN web_connectivity 2026-07-01..2026-10-01: distinct host names with >= 3 non-failed measurements (blocked = >= 50% anomalous or confirmed)
CN,lambda-url.<region>.on.aws,insufficient coverage,,GFWatch (DNS) 2020-03-20..2024-09-06; OONI CN 2026-07..09; gfwlist (weak),0,0,bare suffix is in the Tranco top-1M of 2024-09-01 (GFWatch daily input) and never appears in GFWatch: no suffix-wide DNS rule 2020-03..2024-09; how many tenant names GFWatch tested is unknown,,,,0,OONI CN web_connectivity 2026-07-01..2026-10-01: distinct host names with >= 3 non-failed measurements (blocked = >= 50% anomalous or confirmed)
CN,deno.dev,per-name (tenant),2022-10-11,GFWatch (DNS) 2020-03-20..2024-09-06; OONI CN 2026-07..09; gfwlist (weak),1,0,"GFWatch: 2 censored names, 1 tenants, 1 distinct inferred rules; gfwlist suffix rule first 2025-08-18 (not in the 2026-10-02 list); OONI: 0/1 tested host names blocked",,,earliest GFWatch first_checked among tenant names (upper bound on onset; 2020-03-20 = GFWatch start),2,OONI CN web_connectivity 2026-07-01..2026-10-01: distinct host names with >= 3 non-failed measurements (blocked = >= 50% anomalous or confirmed)
CN,fly.dev,per-name (tenant),2022-02-16,GFWatch (DNS) 2020-03-20..2024-09-06; OONI CN 2026-07..09; gfwlist (weak),0,0,"GFWatch: 6 censored names, 3 tenants, 3 distinct inferred rules",,,earliest GFWatch first_checked among tenant names (upper bound on onset; 2020-03-20 = GFWatch start),6,OONI CN web_connectivity 2026-07-01..2026-10-01: distinct host names with >= 3 non-failed measurements (blocked = >= 50% anomalous or confirmed)
CN,onrender.com,per-name (tenant),2022-10-02,GFWatch (DNS) 2020-03-20..2024-09-06; OONI CN 2026-07..09; gfwlist (weak),0,0,"GFWatch: 4 censored names, 2 tenants, 2 distinct inferred rules",,,earliest GFWatch first_checked among tenant names (upper bound on onset; 2020-03-20 = GFWatch start),4,OONI CN web_connectivity 2026-07-01..2026-10-01: distinct host names with >= 3 non-failed measurements (blocked = >= 50% anomalous or confirmed)
CN,trycloudflare.com,insufficient coverage,,GFWatch (DNS) 2020-03-20..2024-09-06; OONI CN 2026-07..09; gfwlist (weak),0,0,bare suffix is in the Tranco top-1M of 2024-09-01 (GFWatch daily input) and never appears in GFWatch: no suffix-wide DNS rule 2020-03..2024-09; how many tenant names GFWatch tested is unknown,,,,0,OONI CN web_connectivity 2026-07-01..2026-10-01: distinct host names with >= 3 non-failed measurements (blocked = >= 50% anomalous or confirmed)
CN,r2.dev,insufficient coverage,,GFWatch (DNS) 2020-03-20..2024-09-06; OONI CN 2026-07..09; gfwlist (weak),0,0,bare suffix is in the Tranco top-1M of 2024-09-01 (GFWatch daily input) and never appears in GFWatch: no suffix-wide DNS rule 2020-03..2024-09; how many tenant names GFWatch tested is unknown,,,,0,OONI CN web_connectivity 2026-07-01..2026-10-01: distinct host names with >= 3 non-failed measurements (blocked = >= 50% anomalous or confirmed)
IR,github.io,per-name (tenant),2025-01-15,"IRBlock artifact (DNS+HTTP, Nov 2024-2025-01-15); OONI IR 2024-10..2026-09",5,0,"IRBlock: 27 tenant names blocked (16 DNS, 18 HTTP); bare suffix in the 2025-01-01 Tranco top-1M (IRBlock daily input) and not blocked; OONI: 0/5 tested host names blocked",,,observed by the end of the IRBlock window; onset unknown,27,OONI IR web_connectivity 2024-10-01..2026-10-01: distinct host names with >= 3 non-failed measurements (blocked = >= 50% anomalous or confirmed)
IR,pages.dev,suffix-wide rule,2025-01-15,"IRBlock artifact (DNS+HTTP, Nov 2024-2025-01-15); OONI IR 2024-10..2026-09",0,0,"bare suffix itself blocked (DNS) and 496 tenant names (496 DNS, 0 HTTP), 15 of them machine-generated names (preview hashes / quick-tunnel words / default app names)",2025-01-15,,observed by the end of the IRBlock window (Nov 2024-2025-01-15); onset unknown,496,OONI IR web_connectivity 2024-10-01..2026-10-01: distinct host names with >= 3 non-failed measurements (blocked = >= 50% anomalous or confirmed)
IR,workers.dev,insufficient coverage,,"IRBlock artifact (DNS+HTTP, Nov 2024-2025-01-15); OONI IR 2024-10..2026-09",0,0,"OONI counts only <worker>.<account>.workers.dev names (single-label account names do not resolve and always look 'ok'); IRBlock: no blocked name under the suffix; bare suffix in the 2025-01-01 Tranco top-1M (IRBlock daily input) and not blocked, so no suffix-wide rule Nov 2024-Jan 2025; number of tenant names IRBlock tested is unknown; OONI: 4 host names seen but none with >= 3 measurements",,,,0,OONI IR web_connectivity 2024-10-01..2026-10-01: distinct host names with >= 3 non-failed measurements (blocked = >= 50% anomalous or confirmed)
IR,vercel.app,insufficient coverage,,"IRBlock artifact (DNS+HTTP, Nov 2024-2025-01-15); OONI IR 2024-10..2026-09",0,0,"IRBlock: no blocked name under the suffix; bare suffix in the 2025-01-01 Tranco top-1M (IRBlock daily input) and not blocked, so no suffix-wide rule Nov 2024-Jan 2025; number of tenant names IRBlock tested is unknown",,,,0,OONI IR web_connectivity 2024-10-01..2026-10-01: distinct host names with >= 3 non-failed measurements (blocked = >= 50% anomalous or confirmed)
IR,netlify.app,per-name (tenant),2025-01-15,"IRBlock artifact (DNS+HTTP, Nov 2024-2025-01-15); OONI IR 2024-10..2026-09",0,0,"IRBlock: 2 tenant names blocked (1 DNS, 1 HTTP); bare suffix in the 2025-01-01 Tranco top-1M (IRBlock daily input) and not blocked",,,observed by the end of the IRBlock window; onset unknown,2,OONI IR web_connectivity 2024-10-01..2026-10-01: distinct host names with >= 3 non-failed measurements (blocked = >= 50% anomalous or confirmed)
IR,herokuapp.com,suffix-wide rule,2025-01-15,"IRBlock artifact (DNS+HTTP, Nov 2024-2025-01-15); OONI IR 2024-10..2026-09",0,0,"bare suffix itself blocked (DNS+HTTP) and 3,590 tenant names (3,590 DNS, 194 HTTP), 1,292 of them machine-generated names (preview hashes / quick-tunnel words / default app names)",2025-01-15,,observed by the end of the IRBlock window (Nov 2024-2025-01-15); onset unknown,3590,OONI IR web_connectivity 2024-10-01..2026-10-01: distinct host names with >= 3 non-failed measurements (blocked = >= 50% anomalous or confirmed)
IR,appspot.com,insufficient coverage,,"IRBlock artifact (DNS+HTTP, Nov 2024-2025-01-15); OONI IR 2024-10..2026-09",0,0,"IRBlock: no blocked name under the suffix; bare suffix in the 2025-01-01 Tranco top-1M (IRBlock daily input) and not blocked, so no suffix-wide rule Nov 2024-Jan 2025; number of tenant names IRBlock tested is unknown",,,,0,OONI IR web_connectivity 2024-10-01..2026-10-01: distinct host names with >= 3 non-failed measurements (blocked = >= 50% anomalous or confirmed)
IR,web.app,insufficient coverage,,"IRBlock artifact (DNS+HTTP, Nov 2024-2025-01-15); OONI IR 2024-10..2026-09",0,0,"IRBlock: no blocked name under the suffix; bare suffix in the 2025-01-01 Tranco top-1M (IRBlock daily input) and not blocked, so no suffix-wide rule Nov 2024-Jan 2025; number of tenant names IRBlock tested is unknown",,,,0,OONI IR web_connectivity 2024-10-01..2026-10-01: distinct host names with >= 3 non-failed measurements (blocked = >= 50% anomalous or confirmed)
IR,firebaseapp.com,insufficient coverage,,"IRBlock artifact (DNS+HTTP, Nov 2024-2025-01-15); OONI IR 2024-10..2026-09",0,0,"IRBlock: no blocked name under the suffix; bare suffix in the 2025-01-01 Tranco top-1M (IRBlock daily input) and not blocked, so no suffix-wide rule Nov 2024-Jan 2025; number of tenant names IRBlock tested is unknown",,,,0,OONI IR web_connectivity 2024-10-01..2026-10-01: distinct host names with >= 3 non-failed measurements (blocked = >= 50% anomalous or confirmed)
IR,cloudfront.net,per-name (tenant),2025-01-15,"IRBlock artifact (DNS+HTTP, Nov 2024-2025-01-15); OONI IR 2024-10..2026-09",1,1,"IRBlock: 4 tenant names blocked (4 DNS, 0 HTTP); bare suffix in the 2025-01-01 Tranco top-1M (IRBlock daily input) and not blocked; OONI: 1/1 tested host names blocked",,,observed by the end of the IRBlock window; onset unknown,4,OONI IR web_connectivity 2024-10-01..2026-10-01: distinct host names with >= 3 non-failed measurements (blocked = >= 50% anomalous or confirmed)
IR,azurewebsites.net,per-name (tenant),2025-01-15,"IRBlock artifact (DNS+HTTP, Nov 2024-2025-01-15); OONI IR 2024-10..2026-09",0,0,"IRBlock: 1 tenant names blocked (1 DNS, 0 HTTP); bare suffix in the 2025-01-01 Tranco top-1M (IRBlock daily input) and not blocked",,,observed by the end of the IRBlock window; onset unknown,1,OONI IR web_connectivity 2024-10-01..2026-10-01: distinct host names with >= 3 non-failed measurements (blocked = >= 50% anomalous or confirmed)
IR,azurefd.net,insufficient coverage,,"IRBlock artifact (DNS+HTTP, Nov 2024-2025-01-15); OONI IR 2024-10..2026-09",0,0,"IRBlock: no blocked name under the suffix; bare suffix in the 2025-01-01 Tranco top-1M (IRBlock daily input) and not blocked, so no suffix-wide rule Nov 2024-Jan 2025; number of tenant names IRBlock tested is unknown",,,,0,OONI IR web_connectivity 2024-10-01..2026-10-01: distinct host names with >= 3 non-failed measurements (blocked = >= 50% anomalous or confirmed)
IR,run.app,insufficient coverage,,"IRBlock artifact (DNS+HTTP, Nov 2024-2025-01-15); OONI IR 2024-10..2026-09",0,0,"IRBlock: no blocked name under the suffix; bare suffix in the 2025-01-01 Tranco top-1M (IRBlock daily input) and not blocked, so no suffix-wide rule Nov 2024-Jan 2025; number of tenant names IRBlock tested is unknown",,,,0,OONI IR web_connectivity 2024-10-01..2026-10-01: distinct host names with >= 3 non-failed measurements (blocked = >= 50% anomalous or confirmed)
IR,lambda-url.<region>.on.aws,insufficient coverage,,"IRBlock artifact (DNS+HTTP, Nov 2024-2025-01-15); OONI IR 2024-10..2026-09",0,0,"IRBlock: no blocked name under the suffix; bare suffix in the 2025-01-01 Tranco top-1M (IRBlock daily input) and not blocked, so no suffix-wide rule Nov 2024-Jan 2025; number of tenant names IRBlock tested is unknown",,,,0,OONI IR web_connectivity 2024-10-01..2026-10-01: distinct host names with >= 3 non-failed measurements (blocked = >= 50% anomalous or confirmed)
IR,deno.dev,insufficient coverage,,"IRBlock artifact (DNS+HTTP, Nov 2024-2025-01-15); OONI IR 2024-10..2026-09",0,0,"IRBlock: no blocked name under the suffix; bare suffix in the 2025-01-01 Tranco top-1M (IRBlock daily input) and not blocked, so no suffix-wide rule Nov 2024-Jan 2025; number of tenant names IRBlock tested is unknown",,,,0,OONI IR web_connectivity 2024-10-01..2026-10-01: distinct host names with >= 3 non-failed measurements (blocked = >= 50% anomalous or confirmed)
IR,fly.dev,insufficient coverage,,"IRBlock artifact (DNS+HTTP, Nov 2024-2025-01-15); OONI IR 2024-10..2026-09",0,0,"IRBlock: no blocked name under the suffix; bare suffix in the 2025-01-01 Tranco top-1M (IRBlock daily input) and not blocked, so no suffix-wide rule Nov 2024-Jan 2025; number of tenant names IRBlock tested is unknown",,,,0,OONI IR web_connectivity 2024-10-01..2026-10-01: distinct host names with >= 3 non-failed measurements (blocked = >= 50% anomalous or confirmed)
IR,onrender.com,insufficient coverage,,"IRBlock artifact (DNS+HTTP, Nov 2024-2025-01-15); OONI IR 2024-10..2026-09",0,0,"IRBlock: no blocked name under the suffix; bare suffix in the 2025-01-01 Tranco top-1M (IRBlock daily input) and not blocked, so no suffix-wide rule Nov 2024-Jan 2025; number of tenant names IRBlock tested is unknown",,,,0,OONI IR web_connectivity 2024-10-01..2026-10-01: distinct host names with >= 3 non-failed measurements (blocked = >= 50% anomalous or confirmed)
IR,trycloudflare.com,suffix-wide rule,2025-01-15,"IRBlock artifact (DNS+HTTP, Nov 2024-2025-01-15); OONI IR 2024-10..2026-09",0,0,"bare suffix itself blocked (DNS) and 29 tenant names (29 DNS, 0 HTTP), 28 of them machine-generated names (preview hashes / quick-tunnel words / default app names)",2025-01-15,,observed by the end of the IRBlock window (Nov 2024-2025-01-15); onset unknown,29,OONI IR web_connectivity 2024-10-01..2026-10-01: distinct host names with >= 3 non-failed measurements (blocked = >= 50% anomalous or confirmed)
IR,r2.dev,insufficient coverage,,"IRBlock artifact (DNS+HTTP, Nov 2024-2025-01-15); OONI IR 2024-10..2026-09",0,0,"IRBlock: no blocked name under the suffix; bare suffix in the 2025-01-01 Tranco top-1M (IRBlock daily input) and not blocked, so no suffix-wide rule Nov 2024-Jan 2025; number of tenant names IRBlock tested is unknown",,,,0,OONI IR web_connectivity 2024-10-01..2026-10-01: distinct host names with >= 3 non-failed measurements (blocked = >= 50% anomalous or confirmed)
RU,github.io,per-name (tenant),2021-12-31,RKN registry (z-i snapshots 2021-12-31..2025-10-01; antifilter 2026-10-02); OONI RU 2024-10..2026-09,35,2,"registry tenants by snapshot: 2021-12-31: 1, 2022-12-31: 1, 2023-12-31: 4, 2024-05-06: 6, 2024-05-09: 6, 2024-12-31: 17, 2025-10-01: 44; antifilter 2026-10-02: 80; OONI: 2/35 tested host names blocked",,,"date of the first analysed registry dump holding a per-host entry (inclusion on or before this date; earliest dump analysed, so left-censored)",44,OONI RU web_connectivity 2024-10-01..2026-10-01: distinct host names with >= 3 non-failed measurements (blocked = >= 50% anomalous or confirmed)
RU,pages.dev,"mixed (tenant, then suffix)",2022-12-31,RKN registry (z-i snapshots 2021-12-31..2025-10-01; antifilter 2026-10-02); OONI RU 2024-10..2026-09,0,0,"suffix entry '*.pages.dev' (registry decision date 2024-05-06) absent from the dump of 2024-05-06, present in the dump of 2024-05-09; still listed by antifilter on 2026-10-02; registry tenants by snapshot: 2021-12-31: 0, 2022-12-31: 1, 2023-12-31: 15, 2024-05-06: 36, 2024-05-09: 37, 2024-12-31: 40, 2025-10-01: 40; antifilter 2026-10-02: 40; bare suffix also on the community (user-voted) antifilter list; OONI RU: 14 host names under the suffix, each measured <= 2 times, 13 without any anomaly; bare suffix 90 measurements, 0 anomalous: enforcement of the suffix entry is not confirmed by OONI; OONI: 14 host names seen but none with >= 3 measurements",2024-05-09,,date of the first analysed registry dump that holds a per-host entry (inclusion on or before this date); suffix_date = first dump holding the suffix entry,40,OONI RU web_connectivity 2024-10-01..2026-10-01: distinct host names with >= 3 non-failed measurements (blocked = >= 50% anomalous or confirmed)
RU,workers.dev,per-name (tenant),2022-12-31,RKN registry (z-i snapshots 2021-12-31..2025-10-01; antifilter 2026-10-02); OONI RU 2024-10..2026-09,0,0,"OONI counts only <worker>.<account>.workers.dev names (single-label account names do not resolve and always look 'ok'); registry tenants by snapshot: 2021-12-31: 0, 2022-12-31: 1, 2023-12-31: 3, 2024-05-06: 3, 2024-05-09: 3, 2024-12-31: 4, 2025-10-01: 5; antifilter 2026-10-02: 8",,,date of the first analysed registry dump holding a per-host entry (inclusion on or before this date),5,OONI RU web_connectivity 2024-10-01..2026-10-01: distinct host names with >= 3 non-failed measurements (blocked = >= 50% anomalous or confirmed)
RU,vercel.app,per-name (tenant),2022-12-31,RKN registry (z-i snapshots 2021-12-31..2025-10-01; antifilter 2026-10-02); OONI RU 2024-10..2026-09,0,0,"registry tenants by snapshot: 2021-12-31: 0, 2022-12-31: 2, 2023-12-31: 6, 2024-05-06: 8, 2024-05-09: 8, 2024-12-31: 13, 2025-10-01: 44; antifilter 2026-10-02: 378; OONI: 6 host names seen but none with >= 3 measurements",,,date of the first analysed registry dump holding a per-host entry (inclusion on or before this date),44,OONI RU web_connectivity 2024-10-01..2026-10-01: distinct host names with >= 3 non-failed measurements (blocked = >= 50% anomalous or confirmed)
RU,netlify.app,per-name (tenant),2022-12-31,RKN registry (z-i snapshots 2021-12-31..2025-10-01; antifilter 2026-10-02); OONI RU 2024-10..2026-09,0,0,"registry tenants by snapshot: 2021-12-31: 0, 2022-12-31: 3, 2023-12-31: 7, 2024-05-06: 8, 2024-05-09: 8, 2024-12-31: 12, 2025-10-01: 25; antifilter 2026-10-02: 78; OONI: 2 host names seen but none with >= 3 measurements",,,date of the first analysed registry dump holding a per-host entry (inclusion on or before this date),25,OONI RU web_connectivity 2024-10-01..2026-10-01: distinct host names with >= 3 non-failed measurements (blocked = >= 50% anomalous or confirmed)
RU,herokuapp.com,per-name (tenant),2021-12-31,RKN registry (z-i snapshots 2021-12-31..2025-10-01; antifilter 2026-10-02); OONI RU 2024-10..2026-09,0,0,"registry tenants by snapshot: 2021-12-31: 66, 2022-12-31: 68, 2023-12-31: 69, 2024-05-06: 69, 2024-05-09: 69, 2024-12-31: 69, 2025-10-01: 71; antifilter 2026-10-02: 70",,,"date of the first analysed registry dump holding a per-host entry (inclusion on or before this date; earliest dump analysed, so left-censored)",71,OONI RU web_connectivity 2024-10-01..2026-10-01: distinct host names with >= 3 non-failed measurements (blocked = >= 50% anomalous or confirmed)
RU,appspot.com,per-name (tenant),2021-12-31,RKN registry (z-i snapshots 2021-12-31..2025-10-01; antifilter 2026-10-02); OONI RU 2024-10..2026-09,1,1,"registry tenants by snapshot: 2021-12-31: 605, 2022-12-31: 777, 2023-12-31: 1,116, 2024-05-06: 1,222, 2024-05-09: 1,222, 2024-12-31: 1,646, 2025-10-01: 2,091; antifilter 2026-10-02: 2,228; OONI: 1/1 tested host names blocked",,,"date of the first analysed registry dump holding a per-host entry (inclusion on or before this date; earliest dump analysed, so left-censored)",2091,OONI RU web_connectivity 2024-10-01..2026-10-01: distinct host names with >= 3 non-failed measurements (blocked = >= 50% anomalous or confirmed)
RU,web.app,per-name (tenant),2021-12-31,RKN registry (z-i snapshots 2021-12-31..2025-10-01; antifilter 2026-10-02); OONI RU 2024-10..2026-09,0,0,"registry tenants by snapshot: 2021-12-31: 1, 2022-12-31: 10, 2023-12-31: 39, 2024-05-06: 44, 2024-05-09: 44, 2024-12-31: 47, 2025-10-01: 52; antifilter 2026-10-02: 69; OONI: 16 host names seen but none with >= 3 measurements",,,"date of the first analysed registry dump holding a per-host entry (inclusion on or before this date; earliest dump analysed, so left-censored)",52,OONI RU web_connectivity 2024-10-01..2026-10-01: distinct host names with >= 3 non-failed measurements (blocked = >= 50% anomalous or confirmed)
RU,firebaseapp.com,per-name (tenant),2021-12-31,RKN registry (z-i snapshots 2021-12-31..2025-10-01; antifilter 2026-10-02); OONI RU 2024-10..2026-09,0,0,"registry tenants by snapshot: 2021-12-31: 11, 2022-12-31: 15, 2023-12-31: 25, 2024-05-06: 30, 2024-05-09: 30, 2024-12-31: 30, 2025-10-01: 30; antifilter 2026-10-02: 35; OONI: 3 host names seen but none with >= 3 measurements",,,"date of the first analysed registry dump holding a per-host entry (inclusion on or before this date; earliest dump analysed, so left-censored)",30,OONI RU web_connectivity 2024-10-01..2026-10-01: distinct host names with >= 3 non-failed measurements (blocked = >= 50% anomalous or confirmed)
RU,cloudfront.net,per-name (tenant),2021-12-31,RKN registry (z-i snapshots 2021-12-31..2025-10-01; antifilter 2026-10-02); OONI RU 2024-10..2026-09,1,1,"registry tenants by snapshot: 2021-12-31: 30, 2022-12-31: 1,343, 2023-12-31: 5,018, 2024-05-06: 6,054, 2024-05-09: 6,060, 2024-12-31: 8,254, 2025-10-01: 10,224; antifilter 2026-10-02: 10,753; OONI: 1/1 tested host names blocked",,,"date of the first analysed registry dump holding a per-host entry (inclusion on or before this date; earliest dump analysed, so left-censored)",10224,OONI RU web_connectivity 2024-10-01..2026-10-01: distinct host names with >= 3 non-failed measurements (blocked = >= 50% anomalous or confirmed)
RU,azurewebsites.net,per-name (tenant),2021-12-31,RKN registry (z-i snapshots 2021-12-31..2025-10-01; antifilter 2026-10-02); OONI RU 2024-10..2026-09,0,0,"registry tenants by snapshot: 2021-12-31: 2,162, 2022-12-31: 2,891, 2023-12-31: 162, 2024-05-06: 140, 2024-05-09: 140, 2024-12-31: 152, 2025-10-01: 158; antifilter 2026-10-02: 160; OONI: 1 host names seen but none with >= 3 measurements",,,"date of the first analysed registry dump holding a per-host entry (inclusion on or before this date; earliest dump analysed, so left-censored)",158,OONI RU web_connectivity 2024-10-01..2026-10-01: distinct host names with >= 3 non-failed measurements (blocked = >= 50% anomalous or confirmed)
RU,azurefd.net,per-name (tenant),2021-12-31,RKN registry (z-i snapshots 2021-12-31..2025-10-01; antifilter 2026-10-02); OONI RU 2024-10..2026-09,0,0,"registry tenants by snapshot: 2021-12-31: 162, 2022-12-31: 179, 2023-12-31: 190, 2024-05-06: 190, 2024-05-09: 190, 2024-12-31: 190, 2025-10-01: 201; antifilter 2026-10-02: 250; OONI: 1 host names seen but none with >= 3 measurements",,,"date of the first analysed registry dump holding a per-host entry (inclusion on or before this date; earliest dump analysed, so left-censored)",201,OONI RU web_connectivity 2024-10-01..2026-10-01: distinct host names with >= 3 non-failed measurements (blocked = >= 50% anomalous or confirmed)
RU,run.app,per-name (tenant),2023-12-31,RKN registry (z-i snapshots 2021-12-31..2025-10-01; antifilter 2026-10-02); OONI RU 2024-10..2026-09,0,0,"registry tenants by snapshot: 2021-12-31: 0, 2022-12-31: 0, 2023-12-31: 248, 2024-05-06: 905, 2024-05-09: 949, 2024-12-31: 1,623, 2025-10-01: 2,461; antifilter 2026-10-02: 2,961; OONI: 48 host names seen but none with >= 3 measurements",,,date of the first analysed registry dump holding a per-host entry (inclusion on or before this date),2461,OONI RU web_connectivity 2024-10-01..2026-10-01: distinct host names with >= 3 non-failed measurements (blocked = >= 50% anomalous or confirmed)
RU,lambda-url.<region>.on.aws,none observed,,RKN registry (z-i snapshots 2021-12-31..2025-10-01; antifilter 2026-10-02); OONI RU 2024-10..2026-09,0,0,no registry entry under the suffix (complete registry 2025-10-01 and antifilter 2026-10-02); out-of-registry TSPU blocking not covered,,,,0,OONI RU web_connectivity 2024-10-01..2026-10-01: distinct host names with >= 3 non-failed measurements (blocked = >= 50% anomalous or confirmed)
RU,deno.dev,per-name (tenant),2024-05-06,RKN registry (z-i snapshots 2021-12-31..2025-10-01; antifilter 2026-10-02); OONI RU 2024-10..2026-09,0,0,"registry tenants by snapshot: 2021-12-31: 0, 2022-12-31: 0, 2023-12-31: 0, 2024-05-06: 1, 2024-05-09: 1, 2024-12-31: 1, 2025-10-01: 1; antifilter 2026-10-02: 1",,,date of the first analysed registry dump holding a per-host entry (inclusion on or before this date),1,OONI RU web_connectivity 2024-10-01..2026-10-01: distinct host names with >= 3 non-failed measurements (blocked = >= 50% anomalous or confirmed)
RU,fly.dev,none observed,,RKN registry (z-i snapshots 2021-12-31..2025-10-01; antifilter 2026-10-02); OONI RU 2024-10..2026-09,0,0,no registry entry under the suffix (complete registry 2025-10-01 and antifilter 2026-10-02); out-of-registry TSPU blocking not covered,,,,0,OONI RU web_connectivity 2024-10-01..2026-10-01: distinct host names with >= 3 non-failed measurements (blocked = >= 50% anomalous or confirmed)
RU,onrender.com,per-name (tenant),2022-12-31,RKN registry (z-i snapshots 2021-12-31..2025-10-01; antifilter 2026-10-02); OONI RU 2024-10..2026-09,0,0,"registry tenants by snapshot: 2021-12-31: 0, 2022-12-31: 2, 2023-12-31: 2, 2024-05-06: 2, 2024-05-09: 2, 2024-12-31: 2, 2025-10-01: 3; antifilter 2026-10-02: 16; OONI: 2 host names seen but none with >= 3 measurements",,,date of the first analysed registry dump holding a per-host entry (inclusion on or before this date),3,OONI RU web_connectivity 2024-10-01..2026-10-01: distinct host names with >= 3 non-failed measurements (blocked = >= 50% anomalous or confirmed)
RU,trycloudflare.com,none observed,,RKN registry (z-i snapshots 2021-12-31..2025-10-01; antifilter 2026-10-02); OONI RU 2024-10..2026-09,0,0,no registry entry under the suffix (complete registry 2025-10-01 and antifilter 2026-10-02); out-of-registry TSPU blocking not covered,,,,0,OONI RU web_connectivity 2024-10-01..2026-10-01: distinct host names with >= 3 non-failed measurements (blocked = >= 50% anomalous or confirmed)
RU,r2.dev,none observed,,RKN registry (z-i snapshots 2021-12-31..2025-10-01; antifilter 2026-10-02); OONI RU 2024-10..2026-09,0,0,no registry entry under the suffix (complete registry 2025-10-01 and antifilter 2026-10-02); out-of-registry TSPU blocking not covered,,,,0,OONI RU web_connectivity 2024-10-01..2026-10-01: distinct host names with >= 3 non-failed measurements (blocked = >= 50% anomalous or confirmed)
