platform,gfwlist_suffix_rule_first,gfwlist_suffix_rule_current_since,gfwlist_suffix_rule_at_head,gfwlist_suffix_rule_runs,gfwlist_tenant_rule_first,gfwlist_tenant_lines_at_head,gfwlist_tenant_lines_max
github.io,2016-09-04,2020-07-17,True,2,2015-03-03,0,11
pages.dev,2022-03-12,,False,2,,0,0
workers.dev,2022-05-22,2022-05-22,True,1,,0,0
vercel.app,2022-09-26,2022-09-26,True,1,,0,0
netlify.app,2025-03-13,2025-03-13,True,1,,0,0
herokuapp.com,2024-12-31,2024-12-31,True,1,,0,0
appspot.com,2009-10-01,2010-08-26,True,3,2009-03-05,0,11
web.app,,,False,0,,0,0
firebaseapp.com,,,False,0,,0,0
cloudfront.net,2025-03-04,,False,2,2016-06-16,0,7
azurewebsites.net,,,False,0,2016-01-25,1,2
azurefd.net,,,False,0,,0,0
run.app,,,False,0,,0,0
on.aws,,,False,0,,0,0
deno.dev,2025-08-18,,False,1,,0,0
fly.dev,,,False,0,,0,0
onrender.com,,,False,0,,0,0
trycloudflare.com,,,False,0,,0,0
r2.dev,,,False,0,,0,0
