platform,irb_dns_fqdn_bare,irb_dns_fqdn_names,irb_dns_fqdn_tenants,irb_http_fqdn_bare,irb_http_fqdn_names,irb_http_fqdn_tenants,irb_bare_in_categorised_apexes,irb_any_names,irb_autogen_names,irb_any_tenants,irb_bare_blocked
github.io,False,16,16,False,18,18,False,27,,27,False
pages.dev,True,496,494,False,0,0,True,496,15.0,494,True
workers.dev,False,0,0,False,0,0,False,0,,0,False
vercel.app,False,0,0,False,0,0,False,0,,0,False
netlify.app,False,1,1,False,1,1,False,2,,2,False
herokuapp.com,True,3590,3587,True,194,194,True,3590,1292.0,3587,True
appspot.com,False,0,0,False,0,0,False,0,,0,False
web.app,False,0,0,False,0,0,False,0,,0,False
firebaseapp.com,False,0,0,False,0,0,False,0,,0,False
cloudfront.net,False,4,4,False,0,0,False,4,,4,False
azurewebsites.net,False,1,1,False,0,0,False,1,,1,False
azurefd.net,False,0,0,False,0,0,False,0,,0,False
run.app,False,0,0,False,0,0,False,0,,0,False
on.aws,False,0,0,False,0,0,False,0,,0,False
deno.dev,False,0,0,False,0,0,False,0,,0,False
fly.dev,False,0,0,False,0,0,False,0,,0,False
onrender.com,False,0,0,False,0,0,False,0,,0,False
trycloudflare.com,True,29,29,False,0,0,True,29,28.0,29,True
r2.dev,False,0,0,False,0,0,False,0,,0,False
