day,measurement_count,anomaly_count,confirmed_count,failure_count,ok_count,valid,anom,share,endpoints
2025-08-02,1,1,0,0,0,1,1,1.0,1
2025-08-03,6,6,0,0,0,6,6,1.0,6
2025-08-07,3,3,0,0,0,3,3,1.0,3
2025-08-08,5,5,0,0,0,5,5,1.0,5
2025-08-09,3,3,0,0,0,3,3,1.0,3
2025-08-10,2,2,0,0,0,2,2,1.0,2
2025-08-12,3,3,0,0,0,3,3,1.0,3
2025-08-14,8,8,0,0,0,8,8,1.0,8
2025-08-15,5,5,0,0,0,5,5,1.0,5
2025-08-16,7,7,0,0,0,7,7,1.0,7
2025-08-17,5,5,0,0,0,5,5,1.0,5
2025-08-18,1,1,0,0,0,1,1,1.0,1
2025-08-19,1,1,0,0,0,1,1,1.0,1
2025-08-20,1,1,0,0,0,1,1,1.0,1
2025-08-22,3,3,0,0,0,3,3,1.0,3
2025-08-24,2,2,0,0,0,2,2,1.0,2
2025-08-25,3,2,0,0,1,3,2,0.6666666666666666,3
2025-08-26,4,2,0,0,2,4,2,0.5,4
2025-08-27,3,3,0,0,0,3,3,1.0,3
2025-08-30,6,6,0,0,0,6,6,1.0,6
2025-08-31,4,4,0,0,0,4,4,1.0,4
2025-09-01,7,6,0,0,1,7,6,0.8571428571428571,7
2025-09-02,6,5,0,0,1,6,5,0.8333333333333334,6
2025-09-04,9,6,0,0,3,9,6,0.6666666666666666,9
2025-09-05,4,2,0,0,2,4,2,0.5,4
2025-09-07,12,10,0,0,2,12,10,0.8333333333333334,12
2025-09-08,6,6,0,0,0,6,6,1.0,6
2025-09-09,3,3,0,0,0,3,3,1.0,3
2025-09-10,4,4,0,0,0,4,4,1.0,4
2025-09-11,7,6,0,0,1,7,6,0.8571428571428571,7
2025-09-12,8,6,0,0,2,8,6,0.75,8
2025-09-16,5,2,0,0,3,5,2,0.4,5
2025-09-17,4,3,0,0,1,4,3,0.75,4
2025-09-18,2,1,0,0,1,2,1,0.5,2
2025-09-20,3,2,0,0,1,3,2,0.6666666666666666,3
2025-09-21,8,7,0,0,1,8,7,0.875,8
2025-09-22,5,2,0,0,3,5,2,0.4,5
2025-09-23,3,3,0,0,0,3,3,1.0,3
2025-09-25,7,3,0,0,4,7,3,0.42857142857142855,7
2025-09-26,2,1,0,0,1,2,1,0.5,2
2025-09-27,5,2,0,0,3,5,2,0.4,5
2025-09-28,4,1,0,0,3,4,1,0.25,4
2025-09-29,5,4,0,0,1,5,4,0.8,5
2025-10-02,5,3,0,0,2,5,3,0.6,5
2025-10-03,5,3,0,0,2,5,3,0.6,5
2025-10-04,5,3,0,0,2,5,3,0.6,5
2025-10-05,4,2,0,0,2,4,2,0.5,4
2025-10-08,8,5,0,0,3,8,5,0.625,8
2025-10-09,8,3,0,0,5,8,3,0.375,8
2025-10-10,4,1,0,0,3,4,1,0.25,4
2025-10-11,4,3,0,0,1,4,3,0.75,4
2025-10-12,4,3,0,0,1,4,3,0.75,4
2025-10-13,5,3,0,0,2,5,3,0.6,5
2025-10-14,5,2,0,0,3,5,2,0.4,5
2025-10-15,7,3,0,0,4,7,3,0.42857142857142855,7
2025-10-16,5,1,0,0,4,5,1,0.2,5
2025-10-17,6,1,0,0,5,6,1,0.16666666666666666,6
2025-10-18,5,1,0,0,4,5,1,0.2,5
2025-10-19,3,2,0,0,1,3,2,0.6666666666666666,3
2025-10-20,9,4,0,0,5,9,4,0.4444444444444444,9
2025-10-21,6,4,0,0,2,6,4,0.6666666666666666,6
2025-10-22,6,3,0,0,3,6,3,0.5,6
2025-10-23,4,4,0,0,0,4,4,1.0,4
2025-10-25,6,5,0,0,1,6,5,0.8333333333333334,6
2025-10-26,6,5,0,0,1,6,5,0.8333333333333334,6
2025-10-27,14,8,0,0,6,14,8,0.5714285714285714,14
2025-10-28,5,2,0,0,3,5,2,0.4,5
2025-10-29,3,1,0,0,2,3,1,0.3333333333333333,3
2025-10-30,8,4,0,0,4,8,4,0.5,8
2025-10-31,7,5,0,0,2,7,5,0.7142857142857143,7
2025-11-01,3,2,0,0,1,3,2,0.6666666666666666,3
2025-11-02,8,5,0,0,3,8,5,0.625,8
2025-11-03,5,3,0,0,2,5,3,0.6,5
2025-11-04,7,2,0,0,5,7,2,0.2857142857142857,6
2025-11-06,3,1,0,0,2,3,1,0.3333333333333333,3
2025-11-08,3,1,0,0,2,3,1,0.3333333333333333,3
2025-11-09,3,1,0,0,2,3,1,0.3333333333333333,3
2025-11-10,3,3,0,0,0,3,3,1.0,3
2025-11-11,5,5,0,0,0,5,5,1.0,5
2025-11-12,6,4,0,0,2,6,4,0.6666666666666666,6
2025-11-13,6,4,0,0,2,6,4,0.6666666666666666,6
2025-11-14,2,1,0,0,1,2,1,0.5,2
2025-11-15,2,0,0,0,2,2,0,0.0,2
2025-11-16,8,2,0,0,6,8,2,0.25,8
2025-11-17,3,0,0,0,3,3,0,0.0,3
2025-11-18,9,6,0,0,3,9,6,0.6666666666666666,9
2025-11-19,7,4,0,0,3,7,4,0.5714285714285714,7
2025-11-20,7,3,0,0,4,7,3,0.42857142857142855,7
2025-11-21,4,1,0,0,3,4,1,0.25,4
2025-11-24,10,4,0,0,6,10,4,0.4,10
2025-11-25,8,5,0,0,3,8,5,0.625,8
2025-11-26,3,3,0,0,0,3,3,1.0,3
2025-11-27,14,9,0,0,5,14,9,0.6428571428571429,13
2025-11-28,2,1,0,0,1,2,1,0.5,2
2025-11-30,3,1,0,0,2,3,1,0.3333333333333333,3
2025-12-01,10,6,0,0,4,10,6,0.6,10
2025-12-02,3,0,0,0,3,3,0,0.0,3
2025-12-03,5,4,0,0,1,5,4,0.8,5
2025-12-04,4,1,0,0,3,4,1,0.25,4
2025-12-05,8,4,0,0,4,8,4,0.5,8
2025-12-06,10,5,0,0,5,10,5,0.5,10
2025-12-07,7,0,0,0,7,7,0,0.0,7
2025-12-08,3,1,0,0,2,3,1,0.3333333333333333,3
2025-12-09,6,3,0,0,3,6,3,0.5,6
2025-12-10,2,0,0,0,2,2,0,0.0,2
2025-12-11,9,7,0,0,2,9,7,0.7777777777777778,9
2025-12-12,6,5,0,0,1,6,5,0.8333333333333334,6
2025-12-13,7,5,0,0,2,7,5,0.7142857142857143,7
2025-12-16,7,2,0,0,5,7,2,0.2857142857142857,7
2025-12-17,8,3,0,0,5,8,3,0.375,8
2025-12-18,9,4,0,0,5,9,4,0.4444444444444444,9
2025-12-19,8,4,0,0,4,8,4,0.5,8
2025-12-20,7,3,0,0,4,7,3,0.42857142857142855,7
2025-12-21,6,4,0,0,2,6,4,0.6666666666666666,6
2025-12-23,9,4,0,0,5,9,4,0.4444444444444444,8
2025-12-24,11,2,0,0,9,11,2,0.18181818181818182,10
2025-12-25,6,4,0,0,2,6,4,0.6666666666666666,6
2025-12-26,10,5,0,0,5,10,5,0.5,10
2025-12-27,6,3,0,0,3,6,3,0.5,6
2025-12-28,5,3,0,0,2,5,3,0.6,5
2025-12-29,5,1,0,0,4,5,1,0.2,5
2025-12-30,4,1,0,0,3,4,1,0.25,4
2025-12-31,2,0,0,0,2,2,0,0.0,2
2026-01-01,9,4,0,0,5,9,4,0.4444444444444444,9
2026-01-02,11,6,0,0,5,11,6,0.5454545454545454,11
2026-01-05,4,2,0,0,2,4,2,0.5,4
2026-01-06,5,5,0,0,0,5,5,1.0,5
2026-01-07,8,2,0,0,6,8,2,0.25,8
2026-01-08,7,6,0,0,1,7,6,0.8571428571428571,7
2026-01-09,8,4,0,0,4,8,4,0.5,8
2026-01-10,7,3,0,0,4,7,3,0.42857142857142855,7
2026-01-11,6,5,0,0,1,6,5,0.8333333333333334,6
2026-01-12,9,8,0,0,1,9,8,0.8888888888888888,9
2026-01-13,6,3,0,0,3,6,3,0.5,6
2026-01-14,7,4,0,0,3,7,4,0.5714285714285714,7
2026-01-15,4,2,0,0,2,4,2,0.5,4
2026-01-16,6,2,0,0,4,6,2,0.3333333333333333,6
2026-01-17,9,6,0,0,3,9,6,0.6666666666666666,9
2026-01-18,7,3,0,0,4,7,3,0.42857142857142855,7
2026-01-20,1,1,0,0,0,1,1,1.0,1
2026-01-21,9,4,0,0,5,9,4,0.4444444444444444,9
2026-01-22,9,4,0,0,5,9,4,0.4444444444444444,9
2026-01-23,8,5,0,0,3,8,5,0.625,8
2026-01-26,9,4,0,0,5,9,4,0.4444444444444444,9
2026-01-27,6,2,0,0,4,6,2,0.3333333333333333,6
2026-01-28,8,5,0,0,3,8,5,0.625,8
2026-01-29,10,6,0,0,4,10,6,0.6,10
2026-01-30,4,3,0,0,1,4,3,0.75,4
2026-01-31,11,7,0,0,4,11,7,0.6363636363636364,11
2026-02-01,4,3,0,0,1,4,3,0.75,4
2026-02-02,5,1,0,0,4,5,1,0.2,5
2026-02-03,9,7,0,0,2,9,7,0.7777777777777778,9
2026-02-04,6,1,0,0,5,6,1,0.16666666666666666,6
2026-02-05,2,2,0,0,0,2,2,1.0,2
2026-02-06,7,4,0,0,3,7,4,0.5714285714285714,7
2026-02-08,19,4,0,0,15,19,4,0.21052631578947367,19
2026-02-09,7,0,0,0,7,7,0,0.0,7
2026-02-11,8,2,0,0,6,8,2,0.25,8
2026-02-13,18,6,0,0,12,18,6,0.3333333333333333,18
2026-02-15,13,9,0,0,4,13,9,0.6923076923076923,9
2026-02-16,6,2,0,0,4,6,2,0.3333333333333333,6
2026-02-17,10,6,0,0,4,10,6,0.6,10
2026-02-18,12,7,0,0,5,12,7,0.5833333333333334,12
2026-02-19,7,0,0,0,7,7,0,0.0,7
2026-02-20,11,5,0,0,6,11,5,0.45454545454545453,11
2026-02-21,5,1,0,0,4,5,1,0.2,5
2026-02-22,9,5,0,0,4,9,5,0.5555555555555556,9
2026-02-23,9,6,0,0,3,9,6,0.6666666666666666,9
2026-02-25,16,11,0,0,5,16,11,0.6875,16
2026-02-27,13,5,0,0,8,13,5,0.38461538461538464,13
2026-02-28,4,2,0,0,2,4,2,0.5,4
2026-03-01,6,4,0,0,2,6,4,0.6666666666666666,6
2026-03-02,5,3,0,0,2,5,3,0.6,5
2026-03-03,8,6,0,0,2,8,6,0.75,8
2026-03-04,3,3,0,0,0,3,3,1.0,3
2026-03-05,9,8,0,0,1,9,8,0.8888888888888888,9
2026-03-10,21,12,0,0,9,21,12,0.5714285714285714,19
2026-03-11,3,2,0,0,1,3,2,0.6666666666666666,3
2026-03-12,7,3,0,0,4,7,3,0.42857142857142855,7
2026-03-14,3,1,0,0,2,3,1,0.3333333333333333,3
2026-03-16,8,3,0,0,5,8,3,0.375,8
2026-03-17,11,5,0,0,6,11,5,0.45454545454545453,11
2026-03-19,9,6,0,0,3,9,6,0.6666666666666666,8
2026-03-20,2,2,0,0,0,2,2,1.0,2
2026-03-21,15,4,0,0,11,15,4,0.26666666666666666,15
2026-03-23,12,4,0,0,8,12,4,0.3333333333333333,12
2026-03-24,6,3,0,0,3,6,3,0.5,6
2026-03-26,4,3,0,0,1,4,3,0.75,4
2026-03-27,6,4,0,0,2,6,4,0.6666666666666666,6
2026-03-28,8,6,0,0,2,8,6,0.75,8
2026-03-29,6,4,0,0,2,6,4,0.6666666666666666,6
2026-03-30,3,2,0,0,1,3,2,0.6666666666666666,3
2026-03-31,7,5,0,0,2,7,5,0.7142857142857143,7
2026-04-01,8,4,0,0,4,8,4,0.5,8
2026-04-02,2,2,0,0,0,2,2,1.0,2
2026-04-03,7,5,0,0,2,7,5,0.7142857142857143,7
2026-04-04,6,1,0,0,5,6,1,0.16666666666666666,6
2026-04-05,9,7,0,0,2,9,7,0.7777777777777778,9
2026-04-06,9,8,0,0,1,9,8,0.8888888888888888,9
2026-04-07,4,3,0,0,1,4,3,0.75,4
2026-04-08,12,8,0,0,4,12,8,0.6666666666666666,12
2026-04-09,7,4,0,0,3,7,4,0.5714285714285714,7
2026-04-10,1,1,0,0,0,1,1,1.0,1
2026-04-11,7,3,0,0,4,7,3,0.42857142857142855,7
2026-04-14,5,4,0,0,1,5,4,0.8,5
2026-04-15,1,1,0,0,0,1,1,1.0,1
2026-04-17,14,10,0,0,4,14,10,0.7142857142857143,14
2026-04-18,5,1,0,0,4,5,1,0.2,5
2026-04-19,10,9,0,0,1,10,9,0.9,10
2026-04-20,9,3,0,0,6,9,3,0.3333333333333333,9
2026-04-21,7,4,0,0,3,7,4,0.5714285714285714,7
2026-04-22,1,1,0,0,0,1,1,1.0,1
2026-04-23,7,3,0,0,4,7,3,0.42857142857142855,7
2026-04-24,6,6,0,0,0,6,6,1.0,6
2026-04-25,6,4,0,0,2,6,4,0.6666666666666666,6
2026-04-26,8,5,0,0,3,8,5,0.625,8
2026-04-27,6,3,0,0,3,6,3,0.5,6
2026-04-28,8,7,0,0,1,8,7,0.875,8
2026-04-29,12,11,0,0,1,12,11,0.9166666666666666,12
2026-04-30,6,5,0,0,1,6,5,0.8333333333333334,6
2026-05-02,13,9,0,0,4,13,9,0.6923076923076923,13
2026-05-04,15,12,0,0,3,15,12,0.8,15
2026-05-05,5,4,0,0,1,5,4,0.8,5
2026-05-06,6,4,0,0,2,6,4,0.6666666666666666,6
2026-05-08,13,12,0,0,1,13,12,0.9230769230769231,13
2026-05-09,3,2,0,0,1,3,2,0.6666666666666666,3
2026-05-11,12,11,0,0,1,12,11,0.9166666666666666,12
2026-05-13,12,11,0,0,1,12,11,0.9166666666666666,12
2026-05-14,8,6,0,0,2,8,6,0.75,8
2026-05-15,13,11,0,0,2,13,11,0.8461538461538461,13
2026-05-16,11,10,0,0,1,11,10,0.9090909090909091,11
2026-05-18,11,10,0,0,1,11,10,0.9090909090909091,11
2026-05-20,10,6,0,0,4,10,6,0.6,10
2026-05-21,9,8,0,0,1,9,8,0.8888888888888888,9
2026-05-23,11,7,0,0,4,11,7,0.6363636363636364,11
2026-05-24,9,5,0,0,4,9,5,0.5555555555555556,9
2026-05-25,10,4,0,0,6,10,4,0.4,10
2026-05-27,19,16,0,0,3,19,16,0.8421052631578947,18
2026-05-28,10,9,0,0,1,10,9,0.9,10
2026-05-29,12,8,0,0,4,12,8,0.6666666666666666,12
2026-05-30,9,8,0,0,1,9,8,0.8888888888888888,9
2026-06-01,12,6,0,0,6,12,6,0.5,12
2026-06-02,9,9,0,0,0,9,9,1.0,9
2026-06-04,11,5,0,0,6,11,5,0.45454545454545453,11
2026-06-06,20,14,0,0,6,20,14,0.7,20
2026-06-08,18,13,0,0,5,18,13,0.7222222222222222,18
2026-06-10,7,6,0,0,1,7,6,0.8571428571428571,7
2026-06-11,12,8,0,0,4,12,8,0.6666666666666666,12
2026-06-12,7,5,0,0,2,7,5,0.7142857142857143,7
2026-06-14,12,12,0,0,0,12,12,1.0,12
2026-06-15,9,8,0,0,1,9,8,0.8888888888888888,9
2026-06-16,8,7,0,0,1,8,7,0.875,8
2026-06-17,6,4,0,0,2,6,4,0.6666666666666666,6
2026-06-18,6,3,0,0,3,6,3,0.5,6
2026-06-19,22,15,0,0,7,22,15,0.6818181818181818,22
2026-06-20,1,0,0,0,1,1,0,0.0,1
2026-06-21,10,5,0,0,5,10,5,0.5,10
2026-06-22,12,10,0,0,2,12,10,0.8333333333333334,12
2026-06-24,16,11,0,0,5,16,11,0.6875,16
2026-06-25,11,4,0,0,7,11,4,0.36363636363636365,11
2026-06-27,13,8,0,0,5,13,8,0.6153846153846154,13
2026-06-28,9,6,0,0,3,9,6,0.6666666666666666,9
2026-06-30,18,11,0,0,7,18,11,0.6111111111111112,18
2026-07-01,9,7,0,0,2,9,7,0.7777777777777778,9
2026-07-02,12,9,0,0,3,12,9,0.75,12
2026-07-03,17,12,0,0,5,17,12,0.7058823529411765,17
2026-07-04,9,5,0,0,4,9,5,0.5555555555555556,9
2026-07-05,13,7,0,0,6,13,7,0.5384615384615384,13
2026-07-06,9,6,0,0,3,9,6,0.6666666666666666,9
2026-07-07,9,4,0,0,5,9,4,0.4444444444444444,9
2026-07-09,10,7,0,0,3,10,7,0.7,10
2026-07-10,17,14,0,0,3,17,14,0.8235294117647058,17
2026-07-12,23,11,0,0,12,23,11,0.4782608695652174,23
2026-07-13,11,6,0,0,5,11,6,0.5454545454545454,11
2026-07-14,13,11,0,0,2,13,11,0.8461538461538461,13
2026-07-17,22,16,0,0,6,22,16,0.7272727272727273,22
2026-07-18,21,11,0,0,10,21,11,0.5238095238095238,21
2026-07-19,15,11,0,0,4,15,11,0.7333333333333333,11
2026-07-20,15,12,0,0,3,15,12,0.8,15
2026-07-21,9,9,0,0,0,9,9,1.0,9
2026-07-22,15,12,0,0,3,15,12,0.8,15
2026-07-23,13,12,0,0,1,13,12,0.9230769230769231,13
2026-07-24,9,6,0,0,3,9,6,0.6666666666666666,9
2026-07-27,24,20,0,0,4,24,20,0.8333333333333334,23
2026-07-28,15,11,0,0,4,15,11,0.7333333333333333,15
2026-07-29,10,6,0,0,4,10,6,0.6,10
2026-07-31,24,15,0,0,9,24,15,0.625,24
2026-08-01,10,6,0,0,4,10,6,0.6,10
2026-08-02,9,8,0,0,1,9,8,0.8888888888888888,9
2026-08-03,7,1,0,0,6,7,1,0.14285714285714285,7
2026-08-04,17,13,0,0,4,17,13,0.7647058823529411,17
2026-08-05,13,9,0,0,4,13,9,0.6923076923076923,13
2026-08-07,14,12,0,0,2,14,12,0.8571428571428571,14
2026-08-08,11,8,0,0,3,11,8,0.7272727272727273,11
2026-08-09,10,10,0,0,0,10,10,1.0,10
2026-08-10,8,7,0,0,1,8,7,0.875,8
2026-08-11,10,9,0,0,1,10,9,0.9,10
2026-08-12,12,10,0,0,2,12,10,0.8333333333333334,12
2026-08-14,26,20,0,0,6,26,20,0.7692307692307693,26
2026-08-15,9,8,0,0,1,9,8,0.8888888888888888,9
2026-08-16,11,6,0,0,5,11,6,0.5454545454545454,11
2026-08-17,9,8,0,0,1,9,8,0.8888888888888888,9
2026-08-18,10,8,0,0,2,10,8,0.8,10
2026-08-19,6,5,0,0,1,6,5,0.8333333333333334,6
2026-08-20,12,8,0,0,4,12,8,0.6666666666666666,12
2026-08-21,5,1,0,0,4,5,1,0.2,5
2026-08-22,11,6,0,0,5,11,6,0.5454545454545454,11
2026-08-23,9,8,0,0,1,9,8,0.8888888888888888,9
2026-08-24,9,7,0,0,2,9,7,0.7777777777777778,9
2026-08-25,6,6,0,0,0,6,6,1.0,6
2026-08-27,11,8,0,0,3,11,8,0.7272727272727273,11
2026-08-29,15,12,0,0,3,15,12,0.8,15
2026-08-30,9,6,0,0,3,9,6,0.6666666666666666,9
2026-08-31,11,11,0,0,0,11,11,1.0,11
2026-09-01,6,5,0,0,1,6,5,0.8333333333333334,6
2026-09-02,14,10,0,0,4,14,10,0.7142857142857143,14
2026-09-03,11,8,0,0,3,11,8,0.7272727272727273,11
2026-09-04,14,13,0,0,1,14,13,0.9285714285714286,14
2026-09-05,10,0,0,0,10,10,0,0.0,10
2026-09-06,14,0,0,0,14,14,0,0.0,14
2026-09-07,13,0,0,0,13,13,0,0.0,13
2026-09-08,11,0,0,0,11,11,0,0.0,11
2026-09-09,15,1,0,0,14,15,1,0.06666666666666667,15
2026-09-11,13,0,0,0,13,13,0,0.0,13
2026-09-12,5,0,0,0,5,5,0,0.0,5
2026-09-13,8,0,0,0,8,8,0,0.0,8
2026-09-14,9,0,0,0,9,9,0,0.0,9
2026-09-15,3,0,0,0,3,3,0,0.0,3
2026-09-16,13,0,0,0,13,13,0,0.0,13
2026-09-17,10,0,0,0,10,10,0,0.0,10
2026-09-18,10,0,0,0,10,10,0,0.0,10
2026-09-19,13,0,0,0,13,13,0,0.0,13
2026-09-21,16,0,0,0,16,16,0,0.0,16
2026-09-22,8,0,0,0,8,8,0,0.0,8
2026-09-23,5,0,0,0,5,5,0,0.0,5
2026-09-24,10,0,0,0,10,10,0,0.0,10
2026-09-25,6,0,0,0,6,6,0,0.0,6
2026-09-26,10,0,0,0,10,10,0,0.0,10
2026-09-27,9,0,0,0,9,9,0,0.0,9
2026-09-28,8,0,0,0,8,8,0,0.0,8
2026-09-29,9,0,0,0,9,9,0,0.0,9
2026-09-30,12,0,0,0,12,12,0,0.0,12
