month,platform,tested,blocked,clear
2026-07,appspot.com,466,466,0
2026-07,azurefd.net,172,159,3
2026-07,azurewebsites.net,2,1,1
2026-07,cloudfront.net,21,16,4
2026-07,github.io,926,4,880
2026-07,herokuapp.com,298,279,18
2026-07,netlify.app,1,1,0
2026-07,pages.dev,2,2,0
2026-07,vercel.app,537,537,0
2026-07,web.app,290,0,276
2026-07,workers.dev,683,674,7
2026-08,appspot.com,462,462,0
2026-08,azurefd.net,177,166,2
2026-08,azurewebsites.net,2,1,1
2026-08,cloudfront.net,50,16,31
2026-08,github.io,605,5,560
2026-08,herokuapp.com,296,277,19
2026-08,netlify.app,0,0,0
2026-08,pages.dev,1,1,0
2026-08,vercel.app,560,560,0
2026-08,web.app,298,0,267
2026-08,workers.dev,532,505,27
2026-09,appspot.com,390,390,0
2026-09,azurefd.net,166,6,86
2026-09,azurewebsites.net,3,2,1
2026-09,cloudfront.net,34,18,16
2026-09,deno.dev,1,0,1
2026-09,github.io,29,3,25
2026-09,herokuapp.com,286,268,16
2026-09,pages.dev,2,2,0
2026-09,vercel.app,609,609,0
2026-09,web.app,245,1,238
2026-09,workers.dev,564,470,92
