censor,platform,ooni_window,ooni_names_any,ooni_tested,ooni_blocked,ooni_clear,ooni_mixed,ooni_tenants_tested,ooni_bare_meas,ooni_bare_share,ooni_blocked_frac
CN,github.io,2026-07-01..2026-10-01,1067,980,6,936,38,978,14,0.2857142857142857,0.006122448979591836
CN,pages.dev,2026-07-01..2026-10-01,5,4,4,0,0,4,0,,1.0
CN,workers.dev,2026-07-01..2026-10-01,2325,1100,984,108,8,741,15,0.9333333333333333,0.8945454545454545
CN,vercel.app,2026-07-01..2026-10-01,1153,1008,1008,0,0,1007,26,1.0,1.0
CN,netlify.app,2026-07-01..2026-10-01,1,1,1,0,0,1,0,,1.0
CN,herokuapp.com,2026-07-01..2026-10-01,403,376,357,18,1,368,17,0.11764705882352941,0.949468085106383
CN,appspot.com,2026-07-01..2026-10-01,626,597,597,0,0,537,22,1.0,1.0
CN,web.app,2026-07-01..2026-10-01,413,380,0,372,8,380,21,1.0,0.0
CN,firebaseapp.com,2026-07-01..2026-10-01,0,0,0,0,0,0,0,,
CN,cloudfront.net,2026-07-01..2026-10-01,215,78,26,49,3,78,0,,0.3333333333333333
CN,azurewebsites.net,2026-07-01..2026-10-01,4,3,2,1,0,2,0,,0.6666666666666666
CN,azurefd.net,2026-07-01..2026-10-01,247,227,149,14,64,227,0,,0.6563876651982379
CN,run.app,2026-07-01..2026-10-01,0,0,0,0,0,0,0,,
CN,on.aws,2026-07-01..2026-10-01,0,0,0,0,0,0,0,,
CN,deno.dev,2026-07-01..2026-10-01,1,1,0,1,0,1,0,,0.0
CN,fly.dev,2026-07-01..2026-10-01,0,0,0,0,0,0,0,,
CN,onrender.com,2026-07-01..2026-10-01,0,0,0,0,0,0,0,,
CN,trycloudflare.com,2026-07-01..2026-10-01,0,0,0,0,0,0,0,,
CN,r2.dev,2026-07-01..2026-10-01,0,0,0,0,0,0,0,,
IR,github.io,2024-10-01..2026-10-01,7,5,0,5,0,5,0,,0.0
IR,pages.dev,2024-10-01..2026-10-01,0,0,0,0,0,0,0,,
IR,workers.dev,2024-10-01..2026-10-01,4,0,0,0,0,0,0,,
IR,vercel.app,2024-10-01..2026-10-01,0,0,0,0,0,0,0,,
IR,netlify.app,2024-10-01..2026-10-01,0,0,0,0,0,0,0,,
IR,herokuapp.com,2024-10-01..2026-10-01,0,0,0,0,0,0,0,,
IR,appspot.com,2024-10-01..2026-10-01,0,0,0,0,0,0,0,,
IR,web.app,2024-10-01..2026-10-01,0,0,0,0,0,0,0,,
IR,firebaseapp.com,2024-10-01..2026-10-01,0,0,0,0,0,0,0,,
IR,cloudfront.net,2024-10-01..2026-10-01,3,1,1,0,0,1,0,,1.0
IR,azurewebsites.net,2024-10-01..2026-10-01,0,0,0,0,0,0,0,,
IR,azurefd.net,2024-10-01..2026-10-01,0,0,0,0,0,0,0,,
IR,run.app,2024-10-01..2026-10-01,0,0,0,0,0,0,0,,
IR,on.aws,2024-10-01..2026-10-01,0,0,0,0,0,0,0,,
IR,deno.dev,2024-10-01..2026-10-01,0,0,0,0,0,0,0,,
IR,fly.dev,2024-10-01..2026-10-01,0,0,0,0,0,0,0,,
IR,onrender.com,2024-10-01..2026-10-01,0,0,0,0,0,0,0,,
IR,trycloudflare.com,2024-10-01..2026-10-01,0,0,0,0,0,0,0,,
IR,r2.dev,2024-10-01..2026-10-01,0,0,0,0,0,0,0,,
RU,github.io,2024-10-01..2026-10-01,41,35,2,32,1,35,2,0.0,0.05714285714285714
RU,pages.dev,2024-10-01..2026-10-01,14,0,0,0,0,0,90,0.0,
RU,workers.dev,2024-10-01..2026-10-01,0,0,0,0,0,0,26,0.15384615384615385,
RU,vercel.app,2024-10-01..2026-10-01,6,0,0,0,0,0,0,,
RU,netlify.app,2024-10-01..2026-10-01,2,0,0,0,0,0,0,,
RU,herokuapp.com,2024-10-01..2026-10-01,0,0,0,0,0,0,0,,
RU,appspot.com,2024-10-01..2026-10-01,31,1,1,0,0,1,0,,1.0
RU,web.app,2024-10-01..2026-10-01,16,0,0,0,0,0,0,,
RU,firebaseapp.com,2024-10-01..2026-10-01,3,0,0,0,0,0,0,,
RU,cloudfront.net,2024-10-01..2026-10-01,27,1,1,0,0,1,2,1.0,1.0
RU,azurewebsites.net,2024-10-01..2026-10-01,1,0,0,0,0,0,0,,
RU,azurefd.net,2024-10-01..2026-10-01,1,0,0,0,0,0,0,,
RU,run.app,2024-10-01..2026-10-01,48,0,0,0,0,0,0,,
RU,on.aws,2024-10-01..2026-10-01,0,0,0,0,0,0,0,,
RU,deno.dev,2024-10-01..2026-10-01,0,0,0,0,0,0,0,,
RU,fly.dev,2024-10-01..2026-10-01,0,0,0,0,0,0,0,,
RU,onrender.com,2024-10-01..2026-10-01,2,0,0,0,0,0,0,,
RU,trycloudflare.com,2024-10-01..2026-10-01,0,0,0,0,0,0,0,,
RU,r2.dev,2024-10-01..2026-10-01,0,0,0,0,0,0,0,,
