platform,af_entries,af_suffix_entry,afc_suffix_entry,afc_entries,af_tenants
github.io,80,False,False,0,80
pages.dev,44,True,True,0,40
workers.dev,8,False,False,0,8
vercel.app,378,False,False,0,378
netlify.app,78,False,False,0,78
herokuapp.com,70,False,False,0,70
appspot.com,2239,False,False,0,2228
web.app,69,False,False,0,69
firebaseapp.com,35,False,False,0,35
cloudfront.net,10753,False,False,0,10753
azurewebsites.net,160,False,False,0,160
azurefd.net,250,False,False,0,250
run.app,2961,False,False,0,2961
on.aws,0,False,False,0,0
deno.dev,1,False,False,0,1
fly.dev,0,False,False,0,0
onrender.com,16,False,False,0,16
trycloudflare.com,0,False,False,0,0
r2.dev,0,False,False,0,0
