platform,registry_listed,names,names_eligible,names_blocked,names_any_anomaly,max_valid_per_name,valid,anomalous,anomalous_share
appspot.com,False,21,0,0,0,2,36,0,0.0
appspot.com,True,10,1,1,3,36417,36426,28303,0.7769999450941635
azurefd.net,False,1,0,0,0,1,1,0,0.0
azurewebsites.net,True,1,0,0,0,1,1,0,0.0
cloudfront.net,False,7,0,0,4,2,7,5,0.7142857142857143
cloudfront.net,True,20,1,1,2,56575,56587,56460,0.9977556682630286
firebaseapp.com,True,3,0,0,0,1,3,0,0.0
github.io,False,40,35,2,23,103070,713133,60845,0.08532069053037793
github.io,True,1,0,0,0,1,1,0,0.0
netlify.app,True,2,0,0,0,1,2,0,0.0
onrender.com,True,2,0,0,0,1,2,0,0.0
pages.dev,False,2,0,0,1,1,2,1,0.5
pages.dev,True,12,0,0,0,2,13,0,0.0
run.app,True,48,0,0,0,1,2,0,0.0
vercel.app,False,1,0,0,0,1,1,0,0.0
vercel.app,True,5,0,0,0,1,5,0,0.0
web.app,False,2,0,0,0,2,4,0,0.0
web.app,True,14,0,0,0,1,14,0,0.0
