platform,snapshot,host_entries,tenant_masks,suffix_entry,url_hosts,tenants
github.io,2021-12-31,1,0,False,0,1
github.io,2022-12-31,1,0,False,0,1
github.io,2023-12-31,4,0,False,0,4
github.io,2024-05-06,6,0,False,0,6
github.io,2024-05-09,6,0,False,0,6
github.io,2024-12-31,17,0,False,9,17
github.io,2025-10-01,44,0,False,17,44
pages.dev,2021-12-31,0,0,False,0,0
pages.dev,2022-12-31,1,0,False,0,1
pages.dev,2023-12-31,19,0,False,13,15
pages.dev,2024-05-06,40,0,False,14,36
pages.dev,2024-05-09,41,0,True,14,37
pages.dev,2024-12-31,44,0,True,14,40
pages.dev,2025-10-01,44,0,True,14,40
workers.dev,2021-12-31,0,0,False,0,0
workers.dev,2022-12-31,1,0,False,0,1
workers.dev,2023-12-31,3,0,False,0,3
workers.dev,2024-05-06,3,0,False,0,3
workers.dev,2024-05-09,3,0,False,0,3
workers.dev,2024-12-31,4,0,False,0,4
workers.dev,2025-10-01,5,0,False,0,5
vercel.app,2021-12-31,0,0,False,0,0
vercel.app,2022-12-31,1,1,False,0,2
vercel.app,2023-12-31,4,2,False,0,6
vercel.app,2024-05-06,6,2,False,0,8
vercel.app,2024-05-09,6,2,False,0,8
vercel.app,2024-12-31,10,3,False,1,13
vercel.app,2025-10-01,41,3,False,6,44
netlify.app,2021-12-31,0,0,False,0,0
netlify.app,2022-12-31,3,0,False,0,3
netlify.app,2023-12-31,7,0,False,0,7
netlify.app,2024-05-06,8,0,False,1,8
netlify.app,2024-05-09,8,0,False,1,8
netlify.app,2024-12-31,12,0,False,3,12
netlify.app,2025-10-01,25,0,False,10,25
herokuapp.com,2021-12-31,66,0,False,3,66
herokuapp.com,2022-12-31,68,0,False,1,68
herokuapp.com,2023-12-31,69,0,False,1,69
herokuapp.com,2024-05-06,69,0,False,1,69
herokuapp.com,2024-05-09,69,0,False,1,69
herokuapp.com,2024-12-31,69,0,False,1,69
herokuapp.com,2025-10-01,71,0,False,2,71
appspot.com,2021-12-31,610,1,False,27,605
appspot.com,2022-12-31,785,1,False,37,777
appspot.com,2023-12-31,1124,1,False,40,1116
appspot.com,2024-05-06,1231,1,False,40,1222
appspot.com,2024-05-09,1231,1,False,40,1222
appspot.com,2024-12-31,1656,1,False,44,1646
appspot.com,2025-10-01,2101,1,False,47,2091
web.app,2021-12-31,1,0,False,0,1
web.app,2022-12-31,10,0,False,1,10
web.app,2023-12-31,39,0,False,1,39
web.app,2024-05-06,44,0,False,1,44
web.app,2024-05-09,44,0,False,1,44
web.app,2024-12-31,46,1,False,1,47
web.app,2025-10-01,51,1,False,1,52
firebaseapp.com,2021-12-31,11,0,False,0,11
firebaseapp.com,2022-12-31,15,0,False,0,15
firebaseapp.com,2023-12-31,25,0,False,0,25
firebaseapp.com,2024-05-06,30,0,False,0,30
firebaseapp.com,2024-05-09,30,0,False,0,30
firebaseapp.com,2024-12-31,30,0,False,0,30
firebaseapp.com,2025-10-01,30,0,False,0,30
cloudfront.net,2021-12-31,30,0,False,13,30
cloudfront.net,2022-12-31,1342,1,False,15,1343
cloudfront.net,2023-12-31,5017,1,False,22,5018
cloudfront.net,2024-05-06,6053,1,False,24,6054
cloudfront.net,2024-05-09,6059,1,False,24,6060
cloudfront.net,2024-12-31,8253,1,False,32,8254
cloudfront.net,2025-10-01,10223,1,False,37,10224
azurewebsites.net,2021-12-31,2159,4,False,28,2162
azurewebsites.net,2022-12-31,2888,3,False,34,2891
azurewebsites.net,2023-12-31,162,0,False,1,162
azurewebsites.net,2024-05-06,140,0,False,1,140
azurewebsites.net,2024-05-09,140,0,False,1,140
azurewebsites.net,2024-12-31,152,0,False,1,152
azurewebsites.net,2025-10-01,158,0,False,1,158
azurefd.net,2021-12-31,162,0,False,6,162
azurefd.net,2022-12-31,179,0,False,7,179
azurefd.net,2023-12-31,190,0,False,6,190
azurefd.net,2024-05-06,190,0,False,6,190
azurefd.net,2024-05-09,190,0,False,6,190
azurefd.net,2024-12-31,190,0,False,6,190
azurefd.net,2025-10-01,201,0,False,9,201
run.app,2021-12-31,0,0,False,0,0
run.app,2022-12-31,0,0,False,0,0
run.app,2023-12-31,248,0,False,0,248
run.app,2024-05-06,905,0,False,1,905
run.app,2024-05-09,949,0,False,1,949
run.app,2024-12-31,1623,0,False,2,1623
run.app,2025-10-01,2461,0,False,3,2461
on.aws,2021-12-31,0,0,False,0,0
on.aws,2022-12-31,0,0,False,0,0
on.aws,2023-12-31,0,0,False,0,0
on.aws,2024-05-06,0,0,False,0,0
on.aws,2024-05-09,0,0,False,0,0
on.aws,2024-12-31,0,0,False,0,0
on.aws,2025-10-01,0,0,False,0,0
deno.dev,2021-12-31,0,0,False,0,0
deno.dev,2022-12-31,0,0,False,0,0
deno.dev,2023-12-31,0,0,False,0,0
deno.dev,2024-05-06,1,0,False,1,1
deno.dev,2024-05-09,1,0,False,1,1
deno.dev,2024-12-31,1,0,False,1,1
deno.dev,2025-10-01,1,0,False,1,1
fly.dev,2021-12-31,0,0,False,0,0
fly.dev,2022-12-31,0,0,False,0,0
fly.dev,2023-12-31,0,0,False,0,0
fly.dev,2024-05-06,0,0,False,0,0
fly.dev,2024-05-09,0,0,False,0,0
fly.dev,2024-12-31,0,0,False,0,0
fly.dev,2025-10-01,0,0,False,0,0
onrender.com,2021-12-31,0,0,False,0,0
onrender.com,2022-12-31,2,0,False,0,2
onrender.com,2023-12-31,2,0,False,0,2
onrender.com,2024-05-06,2,0,False,0,2
onrender.com,2024-05-09,2,0,False,0,2
onrender.com,2024-12-31,2,0,False,0,2
onrender.com,2025-10-01,3,0,False,0,3
trycloudflare.com,2021-12-31,0,0,False,0,0
trycloudflare.com,2022-12-31,0,0,False,0,0
trycloudflare.com,2023-12-31,0,0,False,0,0
trycloudflare.com,2024-05-06,0,0,False,0,0
trycloudflare.com,2024-05-09,0,0,False,0,0
trycloudflare.com,2024-12-31,0,0,False,0,0
trycloudflare.com,2025-10-01,0,0,False,0,0
r2.dev,2021-12-31,0,0,False,0,0
r2.dev,2022-12-31,0,0,False,0,0
r2.dev,2023-12-31,0,0,False,0,0
r2.dev,2024-05-06,0,0,False,0,0
r2.dev,2024-05-09,0,0,False,0,0
r2.dev,2024-12-31,0,0,False,0,0
r2.dev,2025-10-01,0,0,False,0,0
