platform,reg_snapshot,reg_host_entries,reg_tenant_masks,reg_url_hosts,reg_tenants,reg_suffix_entry,reg_suffix_decision_date,reg_tenant_decision_min,reg_tenant_decision_max,reg_first_snapshot_tenant,reg_first_snapshot_suffix,reg_last_snapshot_without_suffix
github.io,2025-10-01,44,0,17,44,False,,2021-04-16,2025-09-26,2021-12-31,,
pages.dev,2025-10-01,44,0,14,40,True,2024-05-06,2017-05-18,2024-05-14,2022-12-31,2024-05-09,2024-05-06
workers.dev,2025-10-01,5,0,0,5,False,,2022-09-26,2025-09-03,2022-12-31,,
vercel.app,2025-10-01,41,3,6,44,False,,2017-05-11,2025-09-17,2022-12-31,,
netlify.app,2025-10-01,25,0,10,25,False,,2012-12-12,2025-08-07,2022-12-31,,
herokuapp.com,2025-10-01,71,0,2,71,False,,2015-03-12,2025-03-13,2021-12-31,,
appspot.com,2025-10-01,2101,1,47,2091,False,,2014-03-13,2025-09-22,2021-12-31,,
web.app,2025-10-01,51,1,1,52,False,,2017-08-25,2025-09-08,2021-12-31,,
firebaseapp.com,2025-10-01,30,0,0,30,False,,2017-03-02,2024-04-15,2021-12-31,,
cloudfront.net,2025-10-01,10223,1,37,10224,False,,2013-06-10,2025-07-02,2021-12-31,,
azurewebsites.net,2025-10-01,158,0,1,158,False,,2016-07-21,2025-03-11,2021-12-31,,
azurefd.net,2025-10-01,201,0,9,201,False,,2016-12-20,2023-07-21,2021-12-31,,
run.app,2025-10-01,2461,0,3,2461,False,,2022-02-24,2025-06-02,2023-12-31,,
on.aws,2025-10-01,0,0,0,0,False,,,,,,
deno.dev,2025-10-01,1,0,1,1,False,,2024-02-26,2024-02-26,2024-05-06,,
fly.dev,2025-10-01,0,0,0,0,False,,,,,,
onrender.com,2025-10-01,3,0,0,3,False,,2022-03-25,2025-09-23,2022-12-31,,
trycloudflare.com,2025-10-01,0,0,0,0,False,,,,,,
r2.dev,2025-10-01,0,0,0,0,False,,,,,,
