tranco_date,platform,bare_rank
2024-09-01,github.io,123
2024-09-01,pages.dev,428
2024-09-01,workers.dev,1766
2024-09-01,vercel.app,2938
2024-09-01,netlify.app,1966
2024-09-01,herokuapp.com,647
2024-09-01,appspot.com,703
2024-09-01,web.app,3738
2024-09-01,firebaseapp.com,6411
2024-09-01,cloudfront.net,60
2024-09-01,azurewebsites.net,173
2024-09-01,azurefd.net,333
2024-09-01,run.app,2752
2024-09-01,on.aws,2264
2024-09-01,deno.dev,106436
2024-09-01,fly.dev,17030
2024-09-01,onrender.com,5636
2024-09-01,trycloudflare.com,37522
2024-09-01,r2.dev,6374
2025-01-01,github.io,130
2025-01-01,pages.dev,364
2025-01-01,workers.dev,32
2025-01-01,vercel.app,2706
2025-01-01,netlify.app,2078
2025-01-01,herokuapp.com,701
2025-01-01,appspot.com,691
2025-01-01,web.app,3549
2025-01-01,firebaseapp.com,6061
2025-01-01,cloudfront.net,56
2025-01-01,azurewebsites.net,201
2025-01-01,azurefd.net,323
2025-01-01,run.app,2594
2025-01-01,on.aws,2535
2025-01-01,deno.dev,18617
2025-01-01,fly.dev,11799
2025-01-01,onrender.com,5296
2025-01-01,trycloudflare.com,11041
2025-01-01,r2.dev,5921
2025-10-01,github.io,125
2025-10-01,pages.dev,344
2025-10-01,workers.dev,32
2025-10-01,vercel.app,2071
2025-10-01,netlify.app,1976
2025-10-01,herokuapp.com,1107
2025-10-01,appspot.com,804
2025-10-01,web.app,3573
2025-10-01,firebaseapp.com,3526
2025-10-01,cloudfront.net,71
2025-10-01,azurewebsites.net,225
2025-10-01,azurefd.net,184
2025-10-01,run.app,583
2025-10-01,on.aws,2354
2025-10-01,deno.dev,109497
2025-10-01,fly.dev,14489
2025-10-01,onrender.com,3250
2025-10-01,trycloudflare.com,21636
2025-10-01,r2.dev,7303
2026-10-01,github.io,126
2026-10-01,pages.dev,231
2026-10-01,workers.dev,81
2026-10-01,vercel.app,633
2026-10-01,netlify.app,918
2026-10-01,herokuapp.com,921
2026-10-01,appspot.com,894
2026-10-01,web.app,2833
2026-10-01,firebaseapp.com,5491
2026-10-01,cloudfront.net,46
2026-10-01,azurewebsites.net,178
2026-10-01,azurefd.net,151
2026-10-01,run.app,510
2026-10-01,on.aws,531
2026-10-01,deno.dev,90448
2026-10-01,fly.dev,7023
2026-10-01,onrender.com,2257
2026-10-01,trycloudflare.com,11852
2026-10-01,r2.dev,5784
