issuer,scope,limit,sustained_per_day,burst,names_per_day_if_one_name_per_cert,names_per_day_max_sans,note,facts
Let's Encrypt,per ACME account,"new orders: 300 per 3 h, refill 1 per 36 s",2400,300,2400,240000,"One name per order keeps names unlinked in CT; up to 100 names per order (classic) or 25 (tlsserver, shortlived) puts them on one CT-logged certificate.",le_orders_per_account;le_identifiers_per_cert;le_classic_100names;le_tlsserver_25names
Let's Encrypt,"per registered domain (PSL eTLD+1, all accounts)","50 certificates per 7 days, refill 1 per 202 min",7.13,50,7.13,,Binds only when many per-name certificates are issued under ONE registrable domain; a fresh registrable domain (or a PSL-private platform tenant) has its own bucket; a single wildcard certificate covers unlimited labels.,le_certs_per_regdomain;le_certs_per_regdomain_refill;le_uses_psl;boulder_psl_domain;pslgo_private_included
Let's Encrypt,per IPv4 address,"new accounts: 10 per 3 h, refill 1 per 18 min",80,10,,,"Accounts persist, so each new account adds 2,400 orders per day of capacity; per-IP order submission is capped only by the load-balancer limit below.",le_accounts_per_ipv4
Let's Encrypt,per IPv6 /48,new accounts: 500 per 3 h,4000,500,,,,le_accounts_per_ipv6_48
Let's Encrypt,per IP (load balancer),"/acme/new-order: 300 requests per second, burst 200",25920000,200,,,Request-rate ceiling; not a practical constraint.,le_neworder_per_ip
Let's Encrypt,renewals,ARI renewals exempt from all rate limits,unlimited,,,,Keeping K live names on 160-hour certificates costs no rate-limit capacity.,le_ari_exempt;le_renewals_exempt
Google Trust Services (Certificate Manager Public CA),per Google Cloud project (shared by its ACME accounts),newOrder 100 per hour; newAuthz 300 per hour,2400,,2400,7200,"Authorizations (one per name) cap multi-name orders at 7,200 names per day per project; EAB binding to a project is required.",gts_neworder;gts_newauthz;gts_per_project;gts_eab
ZeroSSL,per user,'unlimited amount of 90-day SSL certificates'; EAB credentials capped per user per day (value unpublished),unpublished,,unpublished,,Abusive users can be limited or blocked.,zerossl_unlimited;zerossl_eab_cap;zerossl_abuse
Porkbun (registrar API),per account,"1 attempt per second; 1000 successful registrations per 86400 s (defaults, configurable)",1000,,1000,,Default monthly API spend cap of $100 allows 64 names per month at the cheapest first-year price ($1.54) until the account holder raises it; email and phone verification and prepaid credit are required.,pb_attempt_limit;pb_success_limit;pb_spend_default;pb_verify;pb_min_duration
