fact_id,source_id,source_url,retrieved_utc,sha256,quote,value,unit,what,verified_in_raw
le_rl_updated,le_rate_limits,https://letsencrypt.org/docs/rate-limits/,2026-10-03T21:46:01Z,8f6f724c3f3e13713cbf6ad51f8a5bfb94219547cc81b93391dfd0e8e855ee12,"Last updated: August 5, 2026",2026-08-05,date,Date stamp of the Let's Encrypt rate-limits page,True
le_accounts_per_ipv4,le_rate_limits,https://letsencrypt.org/docs/rate-limits/,2026-10-03T21:46:01Z,8f6f724c3f3e13713cbf6ad51f8a5bfb94219547cc81b93391dfd0e8e855ee12,Up to 10 accounts can be created from a single IP address every 3 hours. The ability to create new accounts refills at a rate of 1 account every 18 minutes.,10/3h; refill 1 per 18 min,accounts per IP,New ACME accounts per IP address,True
le_accounts_per_ipv6_48,le_rate_limits,https://letsencrypt.org/docs/rate-limits/,2026-10-03T21:46:01Z,8f6f724c3f3e13713cbf6ad51f8a5bfb94219547cc81b93391dfd0e8e855ee12,Up to 500 accounts can be created from a single /48 IPv6 subnet every 3 hours.,500/3h,accounts per IPv6 /48,New ACME accounts per IPv6 /48,True
le_orders_per_account,le_rate_limits,https://letsencrypt.org/docs/rate-limits/,2026-10-03T21:46:01Z,8f6f724c3f3e13713cbf6ad51f8a5bfb94219547cc81b93391dfd0e8e855ee12,Up to 300 new orders can be created by a single account every 3 hours. The ability to create new orders refills at a rate of 1 order every 36 seconds.,300/3h; refill 1 per 36 s,orders per account,New orders (certificate requests) per account,True
le_identifiers_per_cert,le_rate_limits,https://letsencrypt.org/docs/rate-limits/,2026-10-03T21:46:01Z,8f6f724c3f3e13713cbf6ad51f8a5bfb94219547cc81b93391dfd0e8e855ee12,A single certificate can include up to 100 identifiers (DNS names or IP addresses) depending on the certificate profile selected.,100,identifiers per certificate (max),Names per certificate,True
le_certs_per_regdomain,le_rate_limits,https://letsencrypt.org/docs/rate-limits/,2026-10-03T21:46:01Z,8f6f724c3f3e13713cbf6ad51f8a5bfb94219547cc81b93391dfd0e8e855ee12,"Up to 50 certificates can be issued per registered domain (or IPv4 address, or IPv6 /64 range) every 7 days.",50/7d,certificates per registered domain,"Certificates per registered domain (global, all accounts)",True
le_certs_per_regdomain_refill,le_rate_limits,https://letsencrypt.org/docs/rate-limits/,2026-10-03T21:46:01Z,8f6f724c3f3e13713cbf6ad51f8a5bfb94219547cc81b93391dfd0e8e855ee12,refills at a rate of 1 certificate every 202 minutes,1 per 202 min,refill,Sustained rate of the per-registered-domain limit,True
le_uses_psl,le_rate_limits,https://letsencrypt.org/docs/rate-limits/,2026-10-03T21:46:01Z,8f6f724c3f3e13713cbf6ad51f8a5bfb94219547cc81b93391dfd0e8e855ee12,We use the Public Suffix List to identify registered domains.,PSL,,How LE defines a registered domain,True
le_exact_set,le_rate_limits,https://letsencrypt.org/docs/rate-limits/,2026-10-03T21:46:01Z,8f6f724c3f3e13713cbf6ad51f8a5bfb94219547cc81b93391dfd0e8e855ee12,Up to 5 certificates can be issued per exact same set of identifiers every 7 days.,5/7d,certificates per identical name set,Duplicate-certificate limit,True
le_neworder_per_ip,le_rate_limits,https://letsencrypt.org/docs/rate-limits/,2026-10-03T21:46:01Z,8f6f724c3f3e13713cbf6ad51f8a5bfb94219547cc81b93391dfd0e8e855ee12,| /acme/new-order | 300 | 200,"300 req/s, burst 200",requests per IP,Overall new-order request limit per IP address,True
le_ari_exempt,le_rate_limits,https://letsencrypt.org/docs/rate-limits/,2026-10-03T21:46:01Z,8f6f724c3f3e13713cbf6ad51f8a5bfb94219547cc81b93391dfd0e8e855ee12,Renewals coordinated by ARI offer the unique benefit of being exempt from all rate limits.,exempt,,ARI renewals and rate limits,True
le_points_to_ct,le_rate_limits,https://letsencrypt.org/docs/rate-limits/,2026-10-03T21:46:01Z,8f6f724c3f3e13713cbf6ad51f8a5bfb94219547cc81b93391dfd0e8e855ee12,"You can get a list of certificates issued for your registered domain by searching crt.sh or Censys, which use the public Certificate Transparency logs.",,,Issued names are enumerable from CT,True
le_profiles_updated,le_profiles,https://letsencrypt.org/docs/profiles/,2026-10-03T21:46:03Z,788821e3b3ff74ab5b643402780a33f9ad25b8621c48aa7743d40c1cfb4ea87b,"Last updated: September 8, 2026",2026-09-08,date,Date stamp of the profiles page,True
le_shortlived_6ish,le_profiles,https://letsencrypt.org/docs/profiles/,2026-10-03T21:46:03Z,788821e3b3ff74ab5b643402780a33f9ad25b8621c48aa7743d40c1cfb4ea87b,the resulting certificate is only valid for 6ish days,~6 days,validity,shortlived profile,True
le_shortlived_160h,le_profiles,https://letsencrypt.org/docs/profiles/,2026-10-03T21:46:03Z,788821e3b3ff74ab5b643402780a33f9ad25b8621c48aa7743d40c1cfb4ea87b,| Validity Period | 160 hours,160,hours,shortlived validity,True
le_shortlived_ip,le_profiles,https://letsencrypt.org/docs/profiles/,2026-10-03T21:46:03Z,788821e3b3ff74ab5b643402780a33f9ad25b8621c48aa7743d40c1cfb4ea87b,"| Identifier Types | DNS, IP","DNS, IP",,shortlived allows IP identifiers,True
le_classic_90d,le_profiles,https://letsencrypt.org/docs/profiles/,2026-10-03T21:46:03Z,788821e3b3ff74ab5b643402780a33f9ad25b8621c48aa7743d40c1cfb4ea87b,| Validity Period | 90 days,90,days,classic (default) validity,True
le_classic_100names,le_profiles,https://letsencrypt.org/docs/profiles/,2026-10-03T21:46:03Z,788821e3b3ff74ab5b643402780a33f9ad25b8621c48aa7743d40c1cfb4ea87b,| Max Names | 100,100,names,classic profile max names per certificate,True
le_tlsserver_25names,le_profiles,https://letsencrypt.org/docs/profiles/,2026-10-03T21:46:03Z,788821e3b3ff74ab5b643402780a33f9ad25b8621c48aa7743d40c1cfb4ea87b,| Max Names | 25,25,names,tlsserver/shortlived max names per certificate,True
le_br_validity,le_profiles,https://letsencrypt.org/docs/profiles/,2026-10-03T21:46:03Z,788821e3b3ff74ab5b643402780a33f9ad25b8621c48aa7743d40c1cfb4ea87b,"The Baseline Requirements require this period not to exceed 200 days; the limit falls to 100 days for certificates issued from March 15, 2027, and to 47 days from March 15, 2029.",200 d now; 100 d from 2027-03-15; 47 d from 2029-03-15,max validity,CA/B Forum validity schedule,True
le_logs_everything,le_ct_logs,https://letsencrypt.org/docs/ct-logs/,2026-10-03T21:46:05Z,4549511f685e30ae12ae6fc12bdb90064f26fcd33e30dad075078a482a9b50a9,Let's Encrypt submits all certificates we issue to CT logs.,all,,LE logs every certificate,True
le_operates_static_logs,le_ct_logs,https://letsencrypt.org/docs/ct-logs/,2026-10-03T21:46:05Z,4549511f685e30ae12ae6fc12bdb90064f26fcd33e30dad075078a482a9b50a9,Let's Encrypt currently operates static-ct logs based on Sunlight.,,,LE CT log software,True
le_dns01_wildcard,le_challenge_types,https://letsencrypt.org/docs/challenge-types/,2026-10-03T21:46:07Z,c9b51fea9ba2c0641dd81d5c8c5bceda69a17d56a5f4ac63923e6656d682a7dd,It also allows you to issue wildcard certificates.,DNS-01,,Wildcards need DNS-01,True
le_http01_no_wildcard,le_challenge_types,https://letsencrypt.org/docs/challenge-types/,2026-10-03T21:46:07Z,c9b51fea9ba2c0641dd81d5c8c5bceda69a17d56a5f4ac63923e6656d682a7dd,This challenge cannot be used to issue wildcard certificates.,,,HTTP-01 cannot issue wildcards,True
le_6day_ga,le_blog_6day_ga,https://letsencrypt.org/2026/01/15/6day-and-ip-general-availability,2026-10-03T21:53:24Z,a579480a14d34a932c2000cad577393a7785622c2f0299c0943f26c3d4349b92,"Short-lived and IP address certificates are now generally available from Let's Encrypt. These certificates are valid for 160 hours, just over six days.",2026-01-15,GA date,6-day and IP certificates generally available,True
le_ip_must_be_short,le_blog_6day_ga,https://letsencrypt.org/2026/01/15/6day-and-ip-general-availability,2026-10-03T21:53:24Z,a579480a14d34a932c2000cad577393a7785622c2f0299c0943f26c3d4349b92,IP address certificates must be short-lived certificates,,,IP certificates are 160 h only,True
le_250_per_day_ok,le_blog_rl_45,https://letsencrypt.org/2026/02/24/rate-limits-45-day-certs,2026-10-03T21:53:26Z,b23901feb536ada8de2da076ef420616e34ca99a51c3d6c8c39303560e26fbb5,The 250 new certificates daily will still be well under our New Orders per Account limit of 300 per three hours.,250/day,new-name certificates,LE's own example of a sustained new-name issuance rate,True
le_renewals_exempt,le_blog_rl_45,https://letsencrypt.org/2026/02/24/rate-limits-45-day-certs,2026-10-03T21:53:26Z,b23901feb536ada8de2da076ef420616e34ca99a51c3d6c8c39303560e26fbb5,"Our rate limits affect issuance for new domain names (or groups of domain names), but renewals are exempt.",,,Renewals are exempt,True
le_45_day_2028,le_blog_90_45,https://letsencrypt.org/2025/12/02/from-90-to-45,2026-10-03T21:53:28Z,19d28ce5646e7683723e5c7f834cb5a6bb97708e74df50266df18e9c25603445,"February 16, 2028: We will further update the classic profile to issue 45-day certificates with a 7 hour authorization reuse period.",2028-02-16,,Default lifetime falls to 45 d,True
le_sunlight_zero_mmd,le_blog_sunlight,https://letsencrypt.org/2025/06/11/reflections-on-a-year-of-sunlight,2026-10-03T21:53:30Z,46b10c3a30e6babc03cb962cb64654a30879cb3dc0c8864948f5a2edc3b69942,"they always completely incorporate newly-submitted certificates before returning an SCT to the submitter, so the effective merge delay is zero!",0,s,Sunlight logs: no merge delay,True
le_sunlight_all_certs,le_blog_sunlight,https://letsencrypt.org/2025/06/11/reflections-on-a-year-of-sunlight,2026-10-03T21:53:30Z,46b10c3a30e6babc03cb962cb64654a30879cb3dc0c8864948f5a2edc3b69942,"We've been logging all of our own issued certificates, which represent a majority of the total volume of all publicly-trusted certificates, into our Sunlight logs.",,,LE certs go to its Sunlight logs (2025),True
gts_quota_updated,gts_quotas,https://cloud.google.com/certificate-manager/docs/quotas,2026-10-03T21:46:11Z,1d2fdcaa7367930a1a800159a79602507f96187b103a200d1e88bda35ced187c,Last updated 2026-10-01 UTC.,2026-10-01,date,Date stamp of the GTS quotas page,True
gts_per_project,gts_quotas,https://cloud.google.com/certificate-manager/docs/quotas,2026-10-03T21:46:11Z,1d2fdcaa7367930a1a800159a79602507f96187b103a200d1e88bda35ced187c,Certificate Manager applies quotas at the Google Cloud project level.,per project,,Scope of Public CA quotas,True
gts_neworder,gts_quotas,https://cloud.google.com/certificate-manager/docs/quotas,2026-10-03T21:46:11Z,1d2fdcaa7367930a1a800159a79602507f96187b103a200d1e88bda35ced187c,(newOrder) | 100 per hour,100/h,orders per project,Public CA new orders,True
gts_newaccount,gts_quotas,https://cloud.google.com/certificate-manager/docs/quotas,2026-10-03T21:46:11Z,1d2fdcaa7367930a1a800159a79602507f96187b103a200d1e88bda35ced187c,"(newAccount) | 25 per minute, 100 per hour","25/min, 100/h",ACME accounts per project,Public CA account creation,True
gts_newauthz,gts_quotas,https://cloud.google.com/certificate-manager/docs/quotas,2026-10-03T21:46:11Z,1d2fdcaa7367930a1a800159a79602507f96187b103a200d1e88bda35ced187c,(newAuthz) | 300 per hour,300/h,authorizations per project,Public CA authorizations,True
gts_eab,gts_public_ca,https://cloud.google.com/certificate-manager/docs/public-ca,2026-10-03T21:46:13Z,8acb99c7f5b074724e42075b78d38c9534d16b02a6d6ca3a2d916c3868c20a8c,Your ACME client must support external account binding (EAB) to work with Public CA.,EAB,,GTS needs a Google Cloud project and EAB,True
gts_free,gts_pricing,https://cloud.google.com/certificate-manager/pricing,2026-10-03T21:46:15Z,a67707288fcd850012f010c14e2c5ac9a2def0357dd2110bef38322805d544c5,Certificates issued by the Public CA feature of Certificate Manager are free of charge.,0,USD,GTS certificates are free,True
zerossl_unlimited,zerossl_acme,https://zerossl.com/documentation/acme/,2026-10-03T21:46:17Z,e39be894e0f975601a3ff6b8fe4424e8fb0415a1460662ee195e3057857039b7,"you will be able to generate an unlimited amount of 90-day SSL certificates at no charge, also supporting multi-domain certificates and wildcards.","unlimited, 0 USD",,ZeroSSL ACME terms,True
zerossl_eab_cap,zerossl_acme,https://zerossl.com/documentation/acme/,2026-10-03T21:46:17Z,e39be894e0f975601a3ff6b8fe4424e8fb0415a1460662ee195e3057857039b7,EAB credentials are limited to a maximum per user/per day.,unpublished cap,,ZeroSSL EAB cap,True
zerossl_abuse,zerossl_acme,https://zerossl.com/documentation/acme/,2026-10-03T21:46:17Z,e39be894e0f975601a3ff6b8fe4424e8fb0415a1460662ee195e3057857039b7,malicious users can be limited or even blocked.,,,ZeroSSL abuse clause,True
pb_verify,porkbun_llms_domain,https://porkbun.com/llms/domain,2026-10-03T21:53:46Z,c0b4b108d116043ed844303de720941d6e062bc0aec25ca133f733cea7b846a0,Account email and phone must be verified,,,Registration via API needs verification,True
pb_min_duration,porkbun_llms_domain,https://porkbun.com/llms/domain,2026-10-03T21:53:46Z,c0b4b108d116043ed844303de720941d6e062bc0aec25ca133f733cea7b846a0,Registrations are always for the registry-minimum duration (usually 1 year).,1,year,API registrations are 1-year,True
pb_attempt_limit,porkbun_llms_domain,https://porkbun.com/llms/domain,2026-10-03T21:53:46Z,c0b4b108d116043ed844303de720941d6e062bc0aec25ca133f733cea7b846a0,Attempt limit (default: 1 attempt per second per account),1/s,attempts per account,Registration attempts,True
pb_success_limit,porkbun_llms_domain,https://porkbun.com/llms/domain,2026-10-03T21:53:46Z,c0b4b108d116043ed844303de720941d6e062bc0aec25ca133f733cea7b846a0,Success limit (default: 1000 successful registrations per 86400 seconds per account),1000/day,registrations per account,"Successful registrations per day (default, configurable)",True
pb_spend_default,porkbun_spend_limits,https://porkbun.com/llms/guides/spend-limits,2026-10-03T21:53:48Z,7d0d3b03acad9f944f5919a492b4fa30dd49cfc062016208453ffc844280ff51,An account that has not set a limit gets **$100 a month** for each.,100,USD per month,Default API spend cap (raisable by the account holder),True
chrome_ct_required,chrome_ct_policy,https://raw.githubusercontent.com/GoogleChrome/CertificateTransparency/master/ct_policy.md,2026-10-03T21:46:35Z,b27b1cbdc554ec3de19b6f2617bb38f4fbd75a23eecf4bed4e689edd83ffe50b,"In CT-enforcing versions of Chrome, all publicly-trusted TLS certificates are required to be CT Compliant to successfully validate.",,,Chrome rejects publicly trusted certs without SCTs,True
chrome_two_scts,chrome_ct_policy,https://raw.githubusercontent.com/GoogleChrome/CertificateTransparency/master/ct_policy.md,2026-10-03T21:46:35Z,b27b1cbdc554ec3de19b6f2617bb38f4fbd75a23eecf4bed4e689edd83ffe50b,| <= 180 days | 2 |,2,SCTs,Embedded SCTs needed for certificates of <= 180 days,True
chrome_mmd_caps,chrome_log_policy,https://raw.githubusercontent.com/GoogleChrome/CertificateTransparency/master/log_policy.md,2026-10-03T21:46:37Z,b3884c2191e5a33be5c196f3d12fb963df834c1872aac3147bb61773d7b73feb,static-ct-api logs must not specify a MMD greater than 1 minute and RFC 6962 logs must not specify a MMD greater than 4 hour.,60 s / 4 h,max MMD for applicants,Chrome log policy MMD caps for logs applying for inclusion,True
chrome_incorporate_mmd,chrome_log_policy,https://raw.githubusercontent.com/GoogleChrome/CertificateTransparency/master/log_policy.md,2026-10-03T21:46:37Z,b3884c2191e5a33be5c196f3d12fb963df834c1872aac3147bb61773d7b73feb,Incorporate a certificate for which an SCT has been issued by the log within the MMD.,,,Logs must publish within their MMD,True
apple_ct_required,apple_ct_policy,https://support.apple.com/en-us/103214,2026-10-03T21:46:41Z,d7ab0cee4238e8b0b0524f929b04edafa4fcc4928570c74b78dbc93daf1dc332,Publicly trusted Transport Layer Security (TLS) server authentication certificates must meet Apple's Certificate Transparency (CT) policy to be evaluated as trusted on Apple platforms.,,,Apple platforms require CT,True
rfc6962_mmd,rfc6962,https://www.rfc-editor.org/rfc/rfc6962.txt,2026-10-03T21:46:31Z,08fdf31c10b9f20872a65c027a9fe8cee27280f930120784241a57de744752af,The log MUST incorporate a certificate in its Merkle Tree within the Maximum Merge Delay period after the issuance of the SCT.,,,RFC 6962 MMD definition,True
rfc6962_precert,rfc6962,https://www.rfc-editor.org/rfc/rfc6962.txt,2026-10-03T21:46:31Z,08fdf31c10b9f20872a65c027a9fe8cee27280f930120784241a57de744752af,certificate authorities may submit a certificate to logs prior to issuance.,,,Precertificates are logged before issuance,True
static_null_mmd,static_ct_api,https://raw.githubusercontent.com/C2SP/C2SP/main/static-ct-api.md,2026-10-03T21:46:45Z,e7173ca6fc226ada35d4bffb2cb8bf5a68f6ba7f12a3057fbb696fc6d32b6b5a,"Note that by design this encourages a null Merge Delay, since entries must be sequenced before an SCT is returned",0,s,Static CT API: sequenced before SCT,True
rfc9525_one_label,rfc9525,https://www.rfc-editor.org/rfc/rfc9525.txt,2026-10-03T22:00:15Z,ed8116c2435376dffe37ec2ca688c3a8515e36820852b29e0b6cdfbe92abd2c5,A wildcard in a presented identifier can only match one label in a reference identifier.,1,label,Wildcard covers exactly one label,True
scheitle_dns_73s_3min,arxiv_scheitle2018,https://arxiv.org/pdf/1809.08325,2026-10-03T21:46:49Z,03223e87a10ebeb1878c7884c31ed824a67a5fd72897bd55a8bba7b1b7b0d751,we see the first DNS queries for corresponding domain names after 73 seconds to ≈3 minutes,73 s to ~3 min,,CT honeypot (IMC 2018),True
scheitle_11_names,arxiv_scheitle2018,https://arxiv.org/pdf/1809.08325,2026-10-03T21:46:49Z,03223e87a10ebeb1878c7884c31ed824a67a5fd72897bd55a8bba7b1b7b0d751,"In 3 batches, we create 11 honeypot subdomains over 18 days.",11,names,Honeypot sample size,True
gfwatch_daily_zones,arxiv_gfwatch2021,https://arxiv.org/pdf/2106.02167,2026-10-03T21:46:53Z,35a758642858cedd9337bde7b2830d2416924c3994470696210a74f4ef15e182,which we refresh on a daily basis,daily,,GFWatch zone files refreshed daily,True
gfwatch_411m,arxiv_gfwatch2021,https://arxiv.org/pdf/2106.02167,2026-10-03T21:46:53Z,35a758642858cedd9337bde7b2830d2416924c3994470696210a74f4ef15e182,with an average of 411M domains daily tested.,411M,domains per day,GFWatch test volume,True
ra_once_per_24h,icann_base_ra,https://itp.cdn.icann.org/en/files/registry-agreements/base-registry-agreement-21-01-2024-en.html,2026-10-03T21:53:42Z,f5eb83eb63e0b83f8da10d64834e18c77dde48fe596cddc159bfe021ca4eb50e,no more than once per 24 hour period,24,h,CZDS users may download once per 24 h,True
ra_icann_daily,icann_base_ra,https://itp.cdn.icann.org/en/files/registry-agreements/base-registry-agreement-21-01-2024-en.html,2026-10-03T21:53:42Z,f5eb83eb63e0b83f8da10d64834e18c77dde48fe596cddc159bfe021ca4eb50e,Access will be provided at least daily. Zone files will include SRS data committed as close as possible to 00:00:00 UTC.,"daily, ~00:00 UTC",,Zone-file snapshot cadence,True
zfa_daily,icann_zfa,https://www.icann.org/resources/pages/zfa-2013-06-28-en,2026-10-03T21:53:44Z,426cd2be73f240d63dae518f6e7a28c7019cc61ec0bc55a18e1056c7d60ea402,Registry operators must provide to ICANN bulk access to the zone files of the Generic Top Level Domain (gTLD) at least on a daily basis.,daily,,gTLD zone files at least daily,True
zfa_active_names,icann_zfa,https://www.icann.org/resources/pages/zfa-2013-06-28-en,2026-10-03T21:53:44Z,426cd2be73f240d63dae518f6e7a28c7019cc61ec0bc55a18e1056c7d60ea402,a zone file contains information about domain names that are active in that gTLD.,,,Zone files list active names,True
ra_def_net_adds_1,icann_base_ra,https://itp.cdn.icann.org/en/files/registry-agreements/base-registry-agreement-21-01-2024-en.html,2026-10-03T21:53:42Z,f5eb83eb63e0b83f8da10d64834e18c77dde48fe596cddc159bfe021ca4eb50e,"number of domains successfully registered (i.e., not in EPP pendingCreate status) with an initial term of one (1) year (and not deleted within the add grace period).",,,Definition of net-adds-1-yr,True
ra_def_net_renews_1,icann_base_ra,https://itp.cdn.icann.org/en/files/registry-agreements/base-registry-agreement-21-01-2024-en.html,2026-10-03T21:53:42Z,f5eb83eb63e0b83f8da10d64834e18c77dde48fe596cddc159bfe021ca4eb50e,"number of domains successfully renewed (i.e., not in EPP pendingRenew status) either automatically or by command with a new renewal period of one (1) year",,,Definition of net-renews-1-yr,True
ra_def_deleted_nograce,icann_base_ra,https://itp.cdn.icann.org/en/files/registry-agreements/base-registry-agreement-21-01-2024-en.html,2026-10-03T21:53:42Z,f5eb83eb63e0b83f8da10d64834e18c77dde48fe596cddc159bfe021ca4eb50e,domains deleted outside the add grace period,,,Definition of deleted-domains-nograce,True
whoisds_next_day,whoisds_nrd,https://www.whoisds.com/newly-registered-domains,2026-10-03T21:53:52Z,2b4f3a44fb332bdded1162eb06b675f9276e3afe3b1a804abe49eb01552a53b3,"| 2026-10-02 [Only Domains, No Whois Data] | 70000 | 2026-10-03 |",D+1,,"Free NRD list for day D is created on day D+1 (70,000 names)",True
whoisds_reuse,whoisds_nrd,https://www.whoisds.com/newly-registered-domains,2026-10-03T21:53:52Z,2b4f3a44fb332bdded1162eb06b675f9276e3afe3b1a804abe49eb01552a53b3,"they may be reused, including for commercial purposes, without a license and without any payment.",,,WhoisDS free-list terms,True
zonestream_ct_nrd,openintel_zonestream,https://openintel.nl/data/zonestream/,2026-10-03T21:53:54Z,dea7cd39e245d8824e0cfc95c30b4dac86536d5d0cdf6ffba43172849655fee1,Newly registered domain names extracted from CT Logs.,real time,,OpenINTEL Zonestream topic,True
gh_one_site,gh_pages_limits,https://docs.github.com/en/pages/getting-started-with-github-pages/github-pages-limits,2026-10-03T21:54:04Z,33f61c2ad725d56fee6bbc191583b5a4e153408590f9c8cd033ef708f2878e82,You can only create one user or organization site for each account on GitHub.,1,host per account,GitHub Pages: one <owner>.github.io per account,True
gh_default_location,gh_pages_about,https://docs.github.com/en/pages/getting-started-with-github-pages/about-github-pages,2026-10-03T21:54:02Z,dac95a956e020946cd707c65cbee288a48f8a507006b0f4de4ede639a3013a61,| Default site location | http(s)://<owner>.github.io | http(s)://<owner>.github.io/<repositoryname>,<owner>.github.io,,Project sites share the owner's hostname,True
gh_free_public_only,gh_pages_about,https://docs.github.com/en/pages/getting-started-with-github-pages/about-github-pages,2026-10-03T21:54:02Z,dac95a956e020946cd707c65cbee288a48f8a507006b0f4de4ede639a3013a61,GitHub Pages is available in public repositories with GitHub Free and GitHub Free for organizations,,,Free plan Pages needs a public repo,True
gh_https_auto,gh_pages_https,https://docs.github.com/en/pages/getting-started-with-github-pages/securing-your-github-pages-site-with-https,2026-10-03T21:54:06Z,9e21ee36f2d85317090a196fd4193971911f72bb74e5a2faab43ef1f03a7b3bd,"GitHub Pages sites created after June 15, 2016, and using github.io domains are served over HTTPS automatically.",,,github.io HTTPS without per-site action,True
gh_custom_le,gh_pages_https,https://docs.github.com/en/pages/getting-started-with-github-pages/securing-your-github-pages-site-with-https,2026-10-03T21:54:06Z,9e21ee36f2d85317090a196fd4193971911f72bb74e5a2faab43ef1f03a7b3bd,GitHub queues a job to request a TLS certificate from Let's Encrypt.,,,Custom-domain Pages sites get per-name LE certificates,True
gh_tos_one_free,gh_tos,https://docs.github.com/en/site-policy/github-terms/github-terms-of-service,2026-10-03T21:54:08Z,e2a59f47553fa8a8ee06ea3b123e5c2e743b81410f2559ffdb5f8198a580fdf5,One person or legal entity may maintain no more than one free Account,1,free account per person,GitHub ToS,True
gh_tos_no_bots,gh_tos,https://docs.github.com/en/site-policy/github-terms/github-terms-of-service,2026-10-03T21:54:08Z,e2a59f47553fa8a8ee06ea3b123e5c2e743b81410f2559ffdb5f8198a580fdf5,"Accounts registered by ""bots"" or other automated methods are not permitted.",,,GitHub ToS,True
gh_createevent_repo,gh_event_types,https://docs.github.com/en/rest/using-the-rest-api/github-event-types,2026-10-03T22:00:13Z,39d65bacbc47331906c08a640ee060790473f88d9ec472e0f1d671962863284b,"Can be either branch, tag, or repository.",,,CreateEvent covers repository creation,True
gh_events_latency,gh_events_api,https://docs.github.com/en/rest/activity/events,2026-10-03T22:04:59Z,a75352a34b79887acdb8db040d34d9524cf223dfd90ed5b85a8ac69ea0fdd6be,"Depending on the time of day, event latency can be anywhere from 30s to 6h.",30 s to 6 h,,Public events API latency,True
gharchive_hourly,gharchive,https://www.gharchive.org/,2026-10-03T21:54:00Z,566652fbedd9b3bb651be34291f37d7543c41694d65a405921ece5e43170bc06,These events are aggregated into hourly archives,1,h,GH Archive cadence,True
cf_workers_per_account,cf_workers_limits,https://developers.cloudflare.com/workers/platform/limits/,2026-10-03T21:54:10Z,ac9cba69707928757a7c57c877eb6e4d6287d203dbea4f2e6ef568066830bd47,| Workers per account | 100 |,"100 (Free), 500 (Paid)",Workers per account,Cloudflare Workers,True
cf_workers_dev_format,cf_workers_dev,https://developers.cloudflare.com/workers/configuration/routing/workers-dev/,2026-10-03T21:54:12Z,8e56c455acdd1b85abd92347f6fac1738348c8ea1490efc5ec46b6f6f18aefe0,workers.dev subdomains take the format: <YOUR_ACCOUNT_SUBDOMAIN>.workers.dev.,,,One workers.dev subdomain per account,True
cf_worker_route_format,cf_workers_dev,https://developers.cloudflare.com/workers/configuration/routing/workers-dev/,2026-10-03T21:54:12Z,8e56c455acdd1b85abd92347f6fac1738348c8ea1490efc5ec46b6f6f18aefe0,<YOUR_WORKER_NAME>.<YOUR_SUBDOMAIN>.workers.dev,two labels,,Worker hostnames are two-level,True
cf_pages_100_projects,cf_pages_limits,https://developers.cloudflare.com/pages/platform/limits/,2026-10-03T21:54:14Z,8077e036fa968e802d5bb8c26ca660fbd9fedee687306582e8f908cf91c55367,Cloudflare Pages has a limit of 100 projects,100,projects per account,Cloudflare Pages,True
cf_pages_48h,cf_pages_limits,https://developers.cloudflare.com/pages/platform/limits/,2026-10-03T21:54:14Z,8077e036fa968e802d5bb8c26ca660fbd9fedee687306582e8f908cf91c55367,Cloudflare limits the number of new Pages projects you can create within your first 48 hours of using the service.,,,New-account throttle,True
cf_pages_preview_format,cf_pages_preview,https://developers.cloudflare.com/pages/configuration/preview-deployments/,2026-10-03T21:54:16Z,d1fc2dbafcd3589034ca983bf2a4a84e6cb1fe2fae2ac78f3c6312eecdce30bc,<hash>.<project>.pages.dev,two labels,,Pages preview hostnames are two-level,True
cf_pages_unlimited_previews,cf_pages_limits,https://developers.cloudflare.com/pages/platform/limits/,2026-10-03T21:54:14Z,8077e036fa968e802d5bb8c26ca660fbd9fedee687306582e8f908cf91c55367,You can have an unlimited number of preview deployments active on your project at a time.,unlimited,,Preview deployments,True
vercel_projects,vercel_limits,https://vercel.com/docs/limits,2026-10-03T21:54:18Z,ffce7e037057817c7bef479b00c6b32e3c97b585a1d52a2fd69f5dc485638bb2,| Projects | 200 | Unlimited | Unlimited |,200 (Hobby),projects,Vercel,True
vercel_deploys_day,vercel_limits,https://vercel.com/docs/limits,2026-10-03T21:54:18Z,ffce7e037057817c7bef479b00c6b32e3c97b585a1d52a2fd69f5dc485638bb2,You are able to deploy `100` times every `86400` seconds (1 day).,100/day (Hobby),deployments,Vercel Hobby deployments per day,True
vercel_url_format,vercel_urls,https://vercel.com/docs/deployments/generated-urls,2026-10-03T21:54:20Z,a9deb0446f5bdbd592ef7dfb03605da497a7b6b24426411e9edbca4ac2f5ab11,<project-name>-<unique-hash>-<scope-slug>.vercel.app,one label,,Vercel deployment URL,True
netlify_instant,netlify_https,https://docs.netlify.com/manage/domains/secure-domains-with-https/https-ssl/,2026-10-03T21:54:22Z,77f9f5b6f1b41e072ce2d8c966ff56ffdfa1be18a8c785208eb80c65fbbe6beb,"When you create a new site on Netlify, it's instantly secured at the Netlify-generated URL",,,netlify.app sites need no per-site issuance,True
netlify_custom_le,netlify_https,https://docs.netlify.com/manage/domains/secure-domains-with-https/https-ssl/,2026-10-03T21:54:22Z,77f9f5b6f1b41e072ce2d8c966ff56ffdfa1be18a8c785208eb80c65fbbe6beb,"If you add a custom domain, we will automatically provision a certificate with Let's Encrypt",,,Custom domains get per-name LE certificates,True
firebase_36_sites,firebase_multisites,https://firebase.google.com/docs/hosting/multisites,2026-10-03T21:54:26Z,b22241c89a943503536eb72c199c8f77d00efba18f7f6ca79f51f20b0e7a4f5f,The multisite feature supports a maximum of 36 sites per Firebase project.,36,sites per project,Firebase Hosting,True
firebase_default_domains,firebase_multisites,https://firebase.google.com/docs/hosting/multisites,2026-10-03T21:54:26Z,b22241c89a943503536eb72c199c8f77d00efba18f7f6ca79f51f20b0e7a4f5f,SITE_ID.web.app,,,Firebase default domain,True
firebase_preview_format,firebase_preview,https://firebase.google.com/docs/hosting/test-preview-deploy,2026-10-03T21:54:30Z,849274b0644e39508b61b9f03d4b18601596db348576aee3da38a9868cbf0fc0,PROJECT_ID--CHANNEL_ID-RANDOM_HASH.web.app,one label,,Firebase preview channel URL,True
deno_org_domain,deno_domains,https://docs.deno.com/deploy/reference/domains/,2026-10-03T21:54:32Z,103996f1ee70ba1a4a329de4cf44455777c1a24fc57ab71ae6aad8dda9621a27,an organization with the slug acme-inc would have a default domain of acme-inc.deno.net.,,,Deno Deploy default domain,True
deno_app_two_level,deno_domains,https://docs.deno.com/deploy/reference/domains/,2026-10-03T21:54:32Z,103996f1ee70ba1a4a329de4cf44455777c1a24fc57ab71ae6aad8dda9621a27,my-app.acme-inc.deno.net,two labels,,Deno Deploy app hostnames are two-level,True
deno_cert_90s,deno_domains,https://docs.deno.com/deploy/reference/domains/,2026-10-03T21:54:32Z,103996f1ee70ba1a4a329de4cf44455777c1a24fc57ab71ae6aad8dda9621a27,This process can take up to 90 seconds.,90,s,Let's Encrypt provisioning time for a custom domain,True
fly_default,fly_custom_domain,https://fly.io/docs/networking/custom-domain/,2026-10-03T21:54:40Z,9301816644e31140e2ce1949d4a02f8229b8cf50bc99cb72742475f93ea305fe,"When you create a Fly App, it is automatically given a fly.dev subdomain, based on the app's name.",,,Fly.io default hostname,True
fly_no_free_tier,fly_pricing,https://fly.io/docs/about/pricing/,2026-10-03T21:54:42Z,b8da2037f0ad15282bde8d91cdfaa6ff6f79ec04e4315da9aa42df15f445d409,New organizations don't have a free tier or a monthly free usage allowance.,,,Fly.io pricing,True
fly_card,fly_pricing,https://fly.io/docs/about/pricing/,2026-10-03T21:54:42Z,b8da2037f0ad15282bde8d91cdfaa6ff6f79ec04e4315da9aa42df15f445d409,All organizations (except for Linked Organizations) require a credit card on file.,,,Fly.io,True
render_subdomain,render_web,https://render.com/docs/web-services,2026-10-03T21:54:48Z,2069f5d4e6548555528de5c398a18f2d8602ae9f44582b04e9bbdce18c7a0245,Every Render web service gets a unique onrender.com subdomain,,,Render default hostname,True
render_tls,render_tls,https://render.com/docs/tls,2026-10-03T21:54:44Z,e5540a679261f552890d2be512064c388f703360b2510fd4d5f4aa9dbfc74ac0,You get free TLS certificates for the onrender.com subdomain for your service,,,Render TLS,True
render_750h,render_free,https://render.com/docs/free,2026-10-03T21:54:46Z,00271bec42cfd05bec22c0656acb231a353e8823b10152e0371768c3d8b553fc,Render grants 750 Free instance hours to each workspace per calendar month,750,h per workspace-month,Render free tier,True
aws_url_format,aws_lambda_urls,https://docs.aws.amazon.com/lambda/latest/dg/urls-configuration.html,2026-10-03T21:54:50Z,d3045c5533a301c7f1c3c41277e81b66572f14834ea8e5a46387bd5ba3c69757,https://<url-id>.lambda-url.<region>.on.aws,,,Lambda function URL format,True
azure_unique_format,azure_unique_hostname,https://learn.microsoft.com/en-us/azure/app-service/reference-dangling-subdomain-prevention,2026-10-03T21:54:54Z,4152ea4cddf34b80eca3f42e01639d8f34a738b2541a272e66df4b3192379fc8,<AppName>-<Hash>.<Region>.azurewebsites.net,,,Azure secure unique default hostname,True
azure_noreuse,azure_unique_hostname,https://learn.microsoft.com/en-us/azure/app-service/reference-dangling-subdomain-prevention,2026-10-03T21:54:54Z,4152ea4cddf34b80eca3f42e01639d8f34a738b2541a272e66df4b3192379fc8,Unique hash every time. Maximum isolation.,,,NoReuse scope,True
gcr_deterministic_format,gcr_https,https://docs.cloud.google.com/run/docs/triggering/https-request,2026-10-03T21:54:58Z,aab64b56663cd202497c7ac3618388fed83478e0ebd54808857a21981440ea7c,https://[TAG---]SERVICE_NAME-PROJECT_NUMBER.REGION.run.app,,,Cloud Run deterministic URL,True
gcr_1000_services,gcr_quotas,https://docs.cloud.google.com/run/quotas,2026-10-03T21:55:00Z,8bc3d8b0d8f176fed0c29fb7a9957cd2d3589fba3ace4741e29af087369cd9dc,| Maximum number of services | 1000 | per project and region,1000,services per project and region,Cloud Run,True
tor_nonwebpki_pinning,tor_blog_2025,https://blog.torproject.org/staying-ahead-of-censors-2025/,2026-10-03T21:53:56Z,aef473556e2a73a700e748a2ebcbe6409fb43ee5863f692cddfba5245dabf6e8,safe non-WebPKI certificate support with certificate-chain pinning,,,WebTunnel supports pinned non-WebPKI certificates (Dec 2025),True
tor_ru_listing,tor_blog_2025,https://blog.torproject.org/staying-ahead-of-censors-2025/,2026-10-03T21:53:56Z,aef473556e2a73a700e748a2ebcbe6409fb43ee5863f692cddfba5245dabf6e8,"in June, the Russian censors began listing most of our WebTunnel bridges",,,Russia listed most WebTunnel bridges (2025),True
tor_wt_requires_domain,tor_webtunnel_setup,https://community.torproject.org/relay/setup/webtunnel/,2026-10-03T21:53:58Z,c199785df52d7f1bd0c588987ffa5b089d1372475244c55ba309b00b412cf1d8,a domain under your control,,,WebTunnel bridge needs an operator domain,True
tor_wt_requires_cert,tor_webtunnel_setup,https://community.torproject.org/relay/setup/webtunnel/,2026-10-03T21:53:58Z,c199785df52d7f1bd0c588987ffa5b089d1372475244c55ba309b00b412cf1d8,A valid TLS certificate;,,,WebTunnel bridge needs a TLS certificate (ACME in the guide),True
boulder_psl_domain,boulder_ratelimits_utilities,https://raw.githubusercontent.com/letsencrypt/boulder/1578a1d051b87ded8f60f3af7f6e79f0da0a8d81/ratelimits/utilities.go,2026-10-03T22:15:55Z,51c3a2bf989c08ee0eeb0dfec83700c43438eb21682afadc774e274c9614e338,"domain, err := publicsuffix.Domain(ident.Value)",,,LE rate-limit key is the PSL eTLD+1,True
pslgo_private_included,pslgo_publicsuffix,https://raw.githubusercontent.com/weppos/publicsuffix-go/32ef0a9d3d18fb4d7e7af481a56f36263a4b2c43/publicsuffix/publicsuffix.go,2026-10-03T22:15:59Z,5ac6a1692b27e90cfb3ea2537ecdfbe5ef74427379a1d93bcd8682af0f667cc5,"var DefaultFindOptions = &FindOptions{IgnorePrivate: false, DefaultRule: DefaultRule}",,,publicsuffix.Domain includes PRIVATE-section rules,True
vercel_free_deploys,vercel_limits,https://vercel.com/docs/limits,2026-10-03T21:54:18Z,ffce7e037057817c7bef479b00c6b32e3c97b585a1d52a2fd69f5dc485638bb2,Deployments per day (Free). | `api-deployments-free-per-day` | 100 | 86400,100/day,deployments (Free),Vercel free (Hobby) plan deployment rate limit,True
cf_pages_free_plan,cf_pages_limits,https://developers.cloudflare.com/pages/platform/limits/,2026-10-03T21:54:14Z,8077e036fa968e802d5bb8c26ca660fbd9fedee687306582e8f908cf91c55367,Below are limits observed by the Cloudflare Free plan.,,,Pages limits are those of the Free plan,True
firebase_no_cost,firebase_quotas,https://firebase.google.com/docs/hosting/usage-quotas-pricing,2026-10-03T21:54:28Z,dbc3eef4dd6f47723cd5a7a8f11d40e8178d93f9085e3fc7df31baa03e77afd4,Storage for your Hosting content is at no cost up to 10 GB.,10,GB at no cost,Firebase Hosting no-cost tier,True
deno_free_plan,deno_pricing,https://deno.com/deploy/pricing,2026-10-03T21:54:34Z,e96f2e87d8d0aa80fc0fae45e08be8a62fc1e4ba8183822c6b005ad6c271ae38,Free $0/month For personal use and smaller projects,0,USD/month,Deno Deploy Free plan,True
deno_free_10_apps,deno_pricing,https://deno.com/deploy/pricing,2026-10-03T21:54:34Z,e96f2e87d8d0aa80fc0fae45e08be8a62fc1e4ba8183822c6b005ad6c271ae38,Total number of deployments that can be active at any given time in your organization | 10 |,10,active apps (Free),Deno Deploy Free plan app limit,True
render_free_services,render_free,https://render.com/docs/free,2026-10-03T21:54:46Z,00271bec42cfd05bec22c0656acb231a353e8823b10152e0371768c3d8b553fc,Preview the Render platform with free web services and datastores.,,,Render free tier,True
azure_free_10_apps,azure_limits,https://learn.microsoft.com/en-us/azure/azure-resource-manager/management/azure-subscription-service-limits,2026-10-03T21:54:56Z,e467aa97452a16de1071a79de4deba3e685ff1ca5d37556ca5cbf420146c4540,apps per azure app service plan1 | 10 | 100 |,"10 (Free), 100 (Shared)",apps per plan,Azure App Service Free tier,True
netlify_free_certs,netlify_https,https://docs.netlify.com/manage/domains/secure-domains-with-https/https-ssl/,2026-10-03T21:54:22Z,77f9f5b6f1b41e072ce2d8c966ff56ffdfa1be18a8c785208eb80c65fbbe6beb,Netlify-managed certificates are offered to all Netlify sites for free.,0,USD,Netlify certificates,True
zfa_agreement,icann_zfa,https://www.icann.org/resources/pages/zfa-2013-06-28-en,2026-10-03T21:53:44Z,426cd2be73f240d63dae518f6e7a28c7019cc61ec0bc55a18e1056c7d60ea402,electronically sign the agreement via ICANN Centralized Zone Data Service (CZDS),,,Zone-file access needs a signed agreement (CZDS),True
zfa_deny,icann_zfa,https://www.icann.org/resources/pages/zfa-2013-06-28-en,2026-10-03T21:53:44Z,426cd2be73f240d63dae518f6e7a28c7019cc61ec0bc55a18e1056c7d60ea402,Under certain circumstances a Registry Operator may deny or revoke access.,,,CZDS access can be denied,True
le_embeds_scts,le_blog_sunlight,https://letsencrypt.org/2025/06/11/reflections-on-a-year-of-sunlight,2026-10-03T21:53:30Z,46b10c3a30e6babc03cb962cb64654a30879cb3dc0c8864948f5a2edc3b69942,we'll begin including SCTs from these logs in our own certificates (alongside SCTs from traditional CT logs),,,LE embeds SCTs from its own and other logs,True
chrome_embed_scts,chrome_ct_policy,https://raw.githubusercontent.com/GoogleChrome/CertificateTransparency/master/ct_policy.md,2026-10-03T21:46:35Z,b27b1cbdc554ec3de19b6f2617bb38f4fbd75a23eecf4bed4e689edd83ffe50b,"Most TLS servers do not support the TLS extension, so CAs should be prepared to embed SCTs into issued certificates",,,SCTs are embedded at issuance,True
gh_event_repo_name,gh_event_types,https://docs.github.com/en/rest/using-the-rest-api/github-event-types,2026-10-03T22:00:13Z,39d65bacbc47331906c08a640ee060790473f88d9ec472e0f1d671962863284b,"The name of the repository, which includes the owner and repository name.",,,Every public event names the repository owner,True
gfwatch_sld_only,arxiv_gfwatch2021,https://arxiv.org/pdf/2106.02167,2026-10-03T21:46:53Z,35a758642858cedd9337bde7b2830d2416924c3994470696210a74f4ef15e182,"Since TLD zone files contain only second-level domains (SLDs), they do not allow us to observe cases in which the GFW censors subdomains of these SLDs.",,,TLD zone files list second-level names only,True
le_free,le_rate_limits,https://letsencrypt.org/docs/rate-limits/,2026-10-03T21:46:01Z,8f6f724c3f3e13713cbf6ad51f8a5bfb94219547cc81b93391dfd0e8e855ee12,"Let's Encrypt is a free, automated, and open Certificate Authority",0,USD,LE certificates are free,True
rfc9162_mmd_no_limit,rfc9162,https://www.rfc-editor.org/rfc/rfc9162.txt,2026-10-03T21:46:33Z,a0e432ce7580c99fcc8faf0cf3f6191f9ce6b4864f949158e020d4ecb295081f,This document deliberately does not specify any limits on the value to allow for experimentation.,,,RFC 9162 leaves the MMD to log policy (browsers set it),True
vercel_hash_9,vercel_urls,https://vercel.com/docs/deployments/generated-urls,2026-10-03T21:54:20Z,a9deb0446f5bdbd592ef7dfb03605da497a7b6b24426411e9edbca4ac2f5ab11,9 randomly generated numbers and letters,9,characters,Vercel unique-hash component,True
