tld,month,registrars,total_domains,net_adds_all_terms,net_adds_1yr,net_renews_all_terms,net_renews_1yr,transfer_gaining_successful,deleted_domains_grace,deleted_domains_nograce,restored_domains,attempted_adds,source_file
cfd,2024-07,282,965154,13960,13959,381,379,11,183,135832,0,15770,raw/icann_mrr/cfd/cfd-transactions-202407-en.csv
cfd,2024-08,285,826087,13873,13863,427,424,5,159,150560,0,180,raw/icann_mrr/cfd/cfd-transactions-202408-en.csv
cfd,2024-09,290,674504,13988,13981,442,438,2,133,167162,0,20,raw/icann_mrr/cfd/cfd-transactions-202409-en.csv
cfd,2024-10,293,549929,39586,39575,428,424,7,515,163290,0,2170,raw/icann_mrr/cfd/cfd-transactions-202410-en.csv
cfd,2024-11,295,424885,20084,20082,478,474,16,191,146357,0,10,raw/icann_mrr/cfd/cfd-transactions-202411-en.csv
cfd,2024-12,295,369019,17849,17846,321,320,10,1139,72702,0,20,raw/icann_mrr/cfd/cfd-transactions-202412-en.csv
cfd,2025-01,297,312847,24440,24411,502,500,8,496,81561,0,7180,raw/icann_mrr/cfd/cfd-transactions-202501-en.csv
cfd,2025-02,297,278568,21441,21440,499,484,13,308,57671,0,30,raw/icann_mrr/cfd/cfd-transactions-202502-en.csv
cfd,2025-03,297,329740,62673,62664,405,400,8,573,17623,0,60,raw/icann_mrr/cfd/cfd-transactions-202503-en.csv
cfd,2025-04,297,397813,77281,77275,1151,1144,9,681,14783,0,10,raw/icann_mrr/cfd/cfd-transactions-202504-en.csv
cfd,2025-05,299,436598,65858,65856,533,529,30,382,16202,0,50,raw/icann_mrr/cfd/cfd-transactions-202505-en.csv
cfd,2025-06,302,452026,31171,31170,364,347,22,696,14682,0,430,raw/icann_mrr/cfd/cfd-transactions-202506-en.csv
cfd,2025-07,304,460270,32073,32070,484,484,19,550,24669,0,29470,raw/icann_mrr/cfd/cfd-transactions-202507-en.csv
cfd,2025-08,307,489278,43022,43021,696,694,25,436,13992,0,20,raw/icann_mrr/cfd/cfd-transactions-202508-en.csv
cfd,2025-09,308,505840,29802,29801,490,486,27,267,11914,0,3110,raw/icann_mrr/cfd/cfd-transactions-202509-en.csv
cfd,2025-10,310,518013,26628,26627,410,409,27,636,14328,0,10,raw/icann_mrr/cfd/cfd-transactions-202510-en.csv
cfd,2025-11,311,544844,38022,38020,818,815,17,262,13043,0,30,raw/icann_mrr/cfd/cfd-transactions-202511-en.csv
cfd,2025-12,315,556460,38566,38563,499,498,30,376,22550,0,70,raw/icann_mrr/cfd/cfd-transactions-202512-en.csv
cfd,2026-01,316,560101,35296,35294,517,511,12,446,36404,0,7980,raw/icann_mrr/cfd/cfd-transactions-202601-en.csv
cfd,2026-02,316,567974,28564,28560,465,456,20,336,28352,0,6770,raw/icann_mrr/cfd/cfd-transactions-202602-en.csv
cfd,2026-03,316,613415,54833,54829,474,470,54,390,19118,0,220,raw/icann_mrr/cfd/cfd-transactions-202603-en.csv
cfd,2026-04,316,644903,60996,60985,765,661,22,511,25397,0,6250,raw/icann_mrr/cfd/cfd-transactions-202604-en.csv
cfd,2026-05,318,700964,108899,108894,639,624,17,345,47311,0,3090,raw/icann_mrr/cfd/cfd-transactions-202605-en.csv
cfd,2026-06,322,688049,53703,53701,585,584,26,232,76423,0,60,raw/icann_mrr/cfd/cfd-transactions-202606-en.csv
online,2024-07,397,3628987,197549,195373,59857,58518,1811,5706,173199,0,7180630,raw/icann_mrr/online/online-transactions-202407-en.csv
online,2024-08,399,3654898,199227,196996,63141,61578,1505,4754,172972,0,7188870,raw/icann_mrr/online/online-transactions-202408-en.csv
online,2024-09,403,3696928,193895,191422,62888,61006,1264,4826,152091,0,6587720,raw/icann_mrr/online/online-transactions-202409-en.csv
online,2024-10,405,3686409,202390,199815,71305,69821,1300,5406,212635,0,6682950,raw/icann_mrr/online/online-transactions-202410-en.csv
online,2024-11,406,3600064,185983,183265,56875,55440,1324,4552,271046,0,10051220,raw/icann_mrr/online/online-transactions-202411-en.csv
online,2024-12,407,3563256,177808,175035,57134,55879,1392,4987,207319,0,12233500,raw/icann_mrr/online/online-transactions-202412-en.csv
online,2025-01,407,3557391,169444,166621,66479,64822,1877,5387,187119,0,15575870,raw/icann_mrr/online/online-transactions-202501-en.csv
online,2025-02,407,3563930,176327,173636,57097,55563,1765,4244,171403,0,9604500,raw/icann_mrr/online/online-transactions-202502-en.csv
online,2025-03,407,3604980,206618,203254,69377,67867,1728,5107,189046,0,14763840,raw/icann_mrr/online/online-transactions-202503-en.csv
online,2025-04,407,3548260,183093,179864,68015,66571,1377,4604,241562,0,10799950,raw/icann_mrr/online/online-transactions-202504-en.csv
online,2025-05,408,3547995,194418,191350,64335,62925,1197,3338,198144,0,17044560,raw/icann_mrr/online/online-transactions-202505-en.csv
online,2025-06,411,3559528,191679,188577,61390,59999,1368,3141,181487,0,10880020,raw/icann_mrr/online/online-transactions-202506-en.csv
online,2025-07,414,3591746,216737,213615,66851,65453,1232,3774,186575,0,13489010,raw/icann_mrr/online/online-transactions-202507-en.csv
online,2025-08,416,3633616,232351,228663,70042,68592,1475,4035,189159,0,17099660,raw/icann_mrr/online/online-transactions-202508-en.csv
online,2025-09,418,3669457,215145,212128,66002,64473,1409,3280,172062,0,14544720,raw/icann_mrr/online/online-transactions-202509-en.csv
online,2025-10,421,3655574,168489,165395,73132,71651,1396,44374,196575,0,13201990,raw/icann_mrr/online/online-transactions-202510-en.csv
online,2025-11,423,3682840,215660,212468,61790,60450,1823,46008,191444,0,25253900,raw/icann_mrr/online/online-transactions-202511-en.csv
online,2025-12,427,3704055,233434,230257,61969,60618,1690,47742,195722,0,46744700,raw/icann_mrr/online/online-transactions-202512-en.csv
online,2026-01,428,3745697,227117,223987,71283,69408,1921,49662,197530,0,85608470,raw/icann_mrr/online/online-transactions-202601-en.csv
online,2026-02,428,3789321,200958,198131,62393,60678,2002,42432,171171,0,91649860,raw/icann_mrr/online/online-transactions-202602-en.csv
online,2026-03,433,3839024,238395,234434,67351,65673,1851,25895,252577,2,232595,raw/icann_mrr/online/online-transactions-202603-en.csv
online,2026-04,351,3875629,213300,209516,73678,71669,1713,2970,183518,2,221454,raw/icann_mrr/online/online-transactions-202604-en.csv
online,2026-05,355,3909826,231664,227554,70406,67868,1576,3269,184757,0,230320,raw/icann_mrr/online/online-transactions-202605-en.csv
online,2026-06,357,3963748,231152,227158,66226,64008,1570,3342,182787,0,237678,raw/icann_mrr/online/online-transactions-202606-en.csv
shop,2024-07,214,3385233,233662,232370,26227,25810,517,3883,118603,19,4110286,raw/icann_mrr/shop/shop-transactions-202407-en.csv
shop,2024-08,216,3480661,245081,243708,26398,25835,573,2532,130586,25,3460854,raw/icann_mrr/shop/shop-transactions-202408-en.csv
shop,2024-09,217,3602997,226284,224974,29852,29376,748,2609,127213,20,1717634,raw/icann_mrr/shop/shop-transactions-202409-en.csv
shop,2024-10,218,3765034,309415,308126,29497,28954,648,2396,141293,22,1842777,raw/icann_mrr/shop/shop-transactions-202410-en.csv
shop,2024-11,219,3846694,223394,222156,42315,41906,595,5029,132142,25,1682030,raw/icann_mrr/shop/shop-transactions-202411-en.csv
shop,2024-12,223,3920420,231766,230575,30792,30340,621,2720,157289,26,1965796,raw/icann_mrr/shop/shop-transactions-202412-en.csv
shop,2025-01,223,3936253,263140,261755,33509,33028,620,3242,226515,17,1594606,raw/icann_mrr/shop/shop-transactions-202501-en.csv
shop,2025-02,223,3899641,172478,171035,27401,26908,715,2440,225383,16,1582456,raw/icann_mrr/shop/shop-transactions-202502-en.csv
shop,2025-03,224,3894303,211527,209962,33221,32664,674,3380,235582,19,2723219,raw/icann_mrr/shop/shop-transactions-202503-en.csv
shop,2025-04,224,3878243,231984,230520,33005,32562,830,3972,230399,30,1793026,raw/icann_mrr/shop/shop-transactions-202504-en.csv
shop,2025-05,226,3835909,217546,216097,30772,30307,1642,2577,270423,25,953086,raw/icann_mrr/shop/shop-transactions-202505-en.csv
shop,2025-06,226,3732930,232918,231628,28202,27730,712,3211,338099,24,776439,raw/icann_mrr/shop/shop-transactions-202506-en.csv
shop,2025-07,226,3754049,279881,278489,29688,29219,1860,5415,258859,54,775240,raw/icann_mrr/shop/shop-transactions-202507-en.csv
shop,2025-08,227,3865965,306202,304756,29626,29024,1166,3362,198317,28,917511,raw/icann_mrr/shop/shop-transactions-202508-en.csv
shop,2025-09,227,4031213,350017,348885,32441,31937,1110,2838,189023,26,1273348,raw/icann_mrr/shop/shop-transactions-202509-en.csv
shop,2025-10,231,4217937,433503,432441,31826,31350,705,3536,264351,33,1146482,raw/icann_mrr/shop/shop-transactions-202510-en.csv
shop,2025-11,234,4323680,338435,337360,43813,43399,945,2410,208012,30,1706312,raw/icann_mrr/shop/shop-transactions-202511-en.csv
shop,2025-12,236,4309485,270605,269707,31328,30903,975,2344,281766,12,1169646,raw/icann_mrr/shop/shop-transactions-202512-en.csv
shop,2026-01,236,4287531,254751,253605,34941,34486,990,2190,271139,20,937980,raw/icann_mrr/shop/shop-transactions-202601-en.csv
shop,2026-02,236,4301201,204429,203272,30606,30169,910,2151,203813,14,1045875,raw/icann_mrr/shop/shop-transactions-202602-en.csv
shop,2026-03,238,4348130,309126,307769,34521,33987,1144,3652,251344,14,1213031,raw/icann_mrr/shop/shop-transactions-202603-en.csv
shop,2026-04,241,4426301,261197,260133,35001,34527,949,7061,191774,11,1036472,raw/icann_mrr/shop/shop-transactions-202604-en.csv
shop,2026-05,243,4575839,354060,352902,32219,31755,1049,2810,208511,33,2027902,raw/icann_mrr/shop/shop-transactions-202605-en.csv
shop,2026-06,244,4716233,375147,374133,30305,29802,983,3586,225871,31,2385848,raw/icann_mrr/shop/shop-transactions-202606-en.csv
top,2024-07,191,3215822,200230,197827,23972,22488,1803,849,204828,22,1812439,raw/icann_mrr/top/top-transactions-202407-en.csv
top,2024-08,192,3230883,222178,219751,22674,21334,1934,1686,222359,20,37085497,raw/icann_mrr/top/top-transactions-202408-en.csv
top,2024-09,192,3288229,255754,253437,22068,20878,2254,2684,223249,11,1901565,raw/icann_mrr/top/top-transactions-202409-en.csv
top,2024-10,192,3300154,249623,247212,26798,25295,1909,3434,355323,8,22377140,raw/icann_mrr/top/top-transactions-202410-en.csv
top,2024-11,193,3244814,284494,282099,29653,28043,1401,2771,173815,6,18426630,raw/icann_mrr/top/top-transactions-202411-en.csv
top,2024-12,193,3345850,294596,291978,30206,28729,1483,2774,188591,11,2984771,raw/icann_mrr/top/top-transactions-202412-en.csv
top,2025-01,193,3420590,274695,272213,34219,32773,1745,1605,166712,29,1836599,raw/icann_mrr/top/top-transactions-202501-en.csv
top,2025-02,193,3530602,237708,235341,28104,26277,1568,1125,123194,20,1905145,raw/icann_mrr/top/top-transactions-202502-en.csv
top,2025-03,193,3735140,341002,337506,34143,32364,1768,2909,121936,23,3907787,raw/icann_mrr/top/top-transactions-202503-en.csv
top,2025-04,193,4045290,409763,406673,36094,34403,1734,3340,169264,21,4603446,raw/icann_mrr/top/top-transactions-202504-en.csv
top,2025-05,194,4512173,606186,603380,40645,39262,1636,3458,178796,9,5841201,raw/icann_mrr/top/top-transactions-202505-en.csv
top,2025-06,195,4913390,579541,576939,30707,29335,1747,4619,171399,22,9245537,raw/icann_mrr/top/top-transactions-202506-en.csv
top,2025-07,196,5187040,459310,456586,32978,31484,1872,5453,178503,22,5637181,raw/icann_mrr/top/top-transactions-202507-en.csv
top,2025-08,196,5549888,551742,548906,39992,38605,1995,4279,186924,20,5593821,raw/icann_mrr/top/top-transactions-202508-en.csv
top,2025-09,198,5829122,460940,458468,36343,34971,1806,3938,207469,17,4761978,raw/icann_mrr/top/top-transactions-202509-en.csv
top,2025-10,198,6129725,501396,499192,41344,39765,1777,3684,240593,19,8020818,raw/icann_mrr/top/top-transactions-202510-en.csv
top,2025-11,199,6307799,446001,443463,46086,44601,1737,4992,233544,17,3517210,raw/icann_mrr/top/top-transactions-202511-en.csv
top,2025-12,201,6352812,325199,322551,61951,60306,1462,4563,274055,15,2623181,raw/icann_mrr/top/top-transactions-202512-en.csv
top,2026-01,201,6452650,341009,338327,49094,47290,1773,4714,274170,14,3177458,raw/icann_mrr/top/top-transactions-202601-en.csv
top,2026-02,181,6537976,294439,292285,36608,35015,1125,3549,222968,8,2861074,raw/icann_mrr/top/top-transactions-202602-en.csv
top,2026-03,181,6680397,418547,415090,61663,59571,1677,4844,234904,31,18015628,raw/icann_mrr/top/top-transactions-202603-en.csv
top,2026-04,181,6992174,489541,486069,61811,60031,1496,5704,305961,19,14205378,raw/icann_mrr/top/top-transactions-202604-en.csv
top,2026-05,182,7252313,562217,558685,61181,59372,1522,7146,380426,9,18385771,raw/icann_mrr/top/top-transactions-202605-en.csv
top,2026-06,183,7433320,577157,573599,48833,47224,1912,6596,504591,28,13737976,raw/icann_mrr/top/top-transactions-202606-en.csv
xyz,2024-07,417,4128953,279520,277275,55449,53759,2143,2471,251734,0,283537300,raw/icann_mrr/xyz/xyz-transactions-202407-en.csv
xyz,2024-08,419,4193337,270161,267857,50615,46931,3102,2240,216247,0,958790510,raw/icann_mrr/xyz/xyz-transactions-202408-en.csv
xyz,2024-09,423,4207608,203813,201580,49088,46177,3455,2137,172549,0,876071190,raw/icann_mrr/xyz/xyz-transactions-202409-en.csv
xyz,2024-10,425,4232371,229244,226835,48491,46420,3074,3276,208781,0,873790070,raw/icann_mrr/xyz/xyz-transactions-202410-en.csv
xyz,2024-11,425,4318752,254951,252473,54527,52477,1754,3536,177555,0,686604190,raw/icann_mrr/xyz/xyz-transactions-202411-en.csv
xyz,2024-12,425,4370259,258231,255759,57481,55158,4848,5266,200167,0,876652710,raw/icann_mrr/xyz/xyz-transactions-202412-en.csv
xyz,2025-01,425,4417018,255086,252434,54340,51629,3813,7758,208986,0,837015480,raw/icann_mrr/xyz/xyz-transactions-202501-en.csv
xyz,2025-02,425,4545829,340122,337477,51015,48419,4918,3460,239455,0,788383510,raw/icann_mrr/xyz/xyz-transactions-202502-en.csv
xyz,2025-03,425,4775977,413258,409823,61325,54907,2841,2970,203622,0,910581680,raw/icann_mrr/xyz/xyz-transactions-202503-en.csv
xyz,2025-04,425,4925410,343206,340353,53934,49466,2173,2969,187151,0,862675770,raw/icann_mrr/xyz/xyz-transactions-202504-en.csv
xyz,2025-05,426,4985549,269594,267150,60778,57230,2287,3006,271589,0,867270350,raw/icann_mrr/xyz/xyz-transactions-202505-en.csv
xyz,2025-06,429,5250463,480994,478506,71023,68031,1976,3586,228139,0,839714400,raw/icann_mrr/xyz/xyz-transactions-202506-en.csv
xyz,2025-07,431,5678481,713940,711434,74995,72040,2294,3884,237660,0,1009062870,raw/icann_mrr/xyz/xyz-transactions-202507-en.csv
xyz,2025-08,433,5915990,618083,615679,75683,69971,2511,4248,434138,0,123456530,raw/icann_mrr/xyz/xyz-transactions-202508-en.csv
xyz,2025-09,434,6527042,688660,686643,54636,51963,2158,3660,287524,0,963923220,raw/icann_mrr/xyz/xyz-transactions-202509-en.csv
xyz,2025-10,437,7401580,1270377,1268236,54122,51448,2254,44714,229557,0,134290380,raw/icann_mrr/xyz/xyz-transactions-202510-en.csv
xyz,2025-11,439,7970071,702641,700437,55128,51634,15616,45778,238676,0,129220580,raw/icann_mrr/xyz/xyz-transactions-202511-en.csv
xyz,2025-12,442,8679521,1140073,1137832,69689,66187,2510,47247,210504,0,162696800,raw/icann_mrr/xyz/xyz-transactions-202512-en.csv
xyz,2026-01,442,8673027,215100,212520,57420,53945,3177,47915,245290,0,143724200,raw/icann_mrr/xyz/xyz-transactions-202601-en.csv
xyz,2026-02,442,8723564,199511,196919,49233,45989,2238,42946,234425,0,241680800,raw/icann_mrr/xyz/xyz-transactions-202602-en.csv
xyz,2026-03,442,8716200,319885,317175,60713,56407,2647,48387,251106,0,389574870,raw/icann_mrr/xyz/xyz-transactions-202603-en.csv
xyz,2026-04,440,8679016,245695,243207,60167,56320,2515,47284,286962,0,408750220,raw/icann_mrr/xyz/xyz-transactions-202604-en.csv
xyz,2026-05,443,8557020,281755,279075,65022,61789,2625,48565,404942,0,353577160,raw/icann_mrr/xyz/xyz-transactions-202605-en.csv
xyz,2026-06,448,9153912,948497,946104,72150,69570,2402,46807,367314,0,210273200,raw/icann_mrr/xyz/xyz-transactions-202606-en.csv
