unit_type,variant,first_year_usd,renewal_usd,marginal_cost_per_name_usd,certificate_cost_usd,mint_rate_ceiling,exposed_at_mint,censor_burn_unit,source
registrable domain (eTLD+1),.xyz,2.04,14.21,2.04,0.0,registrar: 1000/day/account (Porkbun default); CA: 2400 single-name orders/day/account (LE),"yes: gTLD zone file (daily) and new-domain lists (next day); CT at issuance if it gets a publicly trusted certificate (static logs before the SCT is returned, RFC 6962 logs within 24 h)",applies when the censor burns registrable domains (all sub-domains then share fate),"porkbun_pricing; facts pb_success_limit, le_orders_per_account, zfa_daily, ra_icann_daily, whoisds_next_day, chrome_ct_required, le_logs_everything, static_null_mmd, rfc6962_mmd"
registrable domain (eTLD+1),.top,1.63,4.63,1.63,0.0,registrar: 1000/day/account (Porkbun default); CA: 2400 single-name orders/day/account (LE),"yes: gTLD zone file (daily) and new-domain lists (next day); CT at issuance if it gets a publicly trusted certificate (static logs before the SCT is returned, RFC 6962 logs within 24 h)",applies when the censor burns registrable domains (all sub-domains then share fate),"porkbun_pricing; facts pb_success_limit, le_orders_per_account, zfa_daily, ra_icann_daily, whoisds_next_day, chrome_ct_required, le_logs_everything, static_null_mmd, rfc6962_mmd"
registrable domain (eTLD+1),.lol,1.54,26.26,1.54,0.0,registrar: 1000/day/account (Porkbun default); CA: 2400 single-name orders/day/account (LE),"yes: gTLD zone file (daily) and new-domain lists (next day); CT at issuance if it gets a publicly trusted certificate (static logs before the SCT is returned, RFC 6962 logs within 24 h)",applies when the censor burns registrable domains (all sub-domains then share fate),"porkbun_pricing; facts pb_success_limit, le_orders_per_account, zfa_daily, ra_icann_daily, whoisds_next_day, chrome_ct_required, le_logs_everything, static_null_mmd, rfc6962_mmd"
registrable domain (eTLD+1),.casa,1.54,10.81,1.54,0.0,registrar: 1000/day/account (Porkbun default); CA: 2400 single-name orders/day/account (LE),"yes: gTLD zone file (daily) and new-domain lists (next day); CT at issuance if it gets a publicly trusted certificate (static logs before the SCT is returned, RFC 6962 logs within 24 h)",applies when the censor burns registrable domains (all sub-domains then share fate),"porkbun_pricing; facts pb_success_limit, le_orders_per_account, zfa_daily, ra_icann_daily, whoisds_next_day, chrome_ct_required, le_logs_everything, static_null_mmd, rfc6962_mmd"
registrable domain (eTLD+1),.shop,2.06,31.41,2.06,0.0,registrar: 1000/day/account (Porkbun default); CA: 2400 single-name orders/day/account (LE),"yes: gTLD zone file (daily) and new-domain lists (next day); CT at issuance if it gets a publicly trusted certificate (static logs before the SCT is returned, RFC 6962 logs within 24 h)",applies when the censor burns registrable domains (all sub-domains then share fate),"porkbun_pricing; facts pb_success_limit, le_orders_per_account, zfa_daily, ra_icann_daily, whoisds_next_day, chrome_ct_required, le_logs_everything, static_null_mmd, rfc6962_mmd"
registrable domain (eTLD+1),.online,1.96,28.84,1.96,0.0,registrar: 1000/day/account (Porkbun default); CA: 2400 single-name orders/day/account (LE),"yes: gTLD zone file (daily) and new-domain lists (next day); CT at issuance if it gets a publicly trusted certificate (static logs before the SCT is returned, RFC 6962 logs within 24 h)",applies when the censor burns registrable domains (all sub-domains then share fate),"porkbun_pricing; facts pb_success_limit, le_orders_per_account, zfa_daily, ra_icann_daily, whoisds_next_day, chrome_ct_required, le_logs_everything, static_null_mmd, rfc6962_mmd"
registrable domain (eTLD+1),.site,1.96,28.84,1.96,0.0,registrar: 1000/day/account (Porkbun default); CA: 2400 single-name orders/day/account (LE),"yes: gTLD zone file (daily) and new-domain lists (next day); CT at issuance if it gets a publicly trusted certificate (static logs before the SCT is returned, RFC 6962 logs within 24 h)",applies when the censor burns registrable domains (all sub-domains then share fate),"porkbun_pricing; facts pb_success_limit, le_orders_per_account, zfa_daily, ra_icann_daily, whoisds_next_day, chrome_ct_required, le_logs_everything, static_null_mmd, rfc6962_mmd"
registrable domain (eTLD+1),.click,1.54,10.81,1.54,0.0,registrar: 1000/day/account (Porkbun default); CA: 2400 single-name orders/day/account (LE),"yes: gTLD zone file (daily) and new-domain lists (next day); CT at issuance if it gets a publicly trusted certificate (static logs before the SCT is returned, RFC 6962 logs within 24 h)",applies when the censor burns registrable domains (all sub-domains then share fate),"porkbun_pricing; facts pb_success_limit, le_orders_per_account, zfa_daily, ra_icann_daily, whoisds_next_day, chrome_ct_required, le_logs_everything, static_null_mmd, rfc6962_mmd"
registrable domain (eTLD+1),.icu,3.59,15.96,3.59,0.0,registrar: 1000/day/account (Porkbun default); CA: 2400 single-name orders/day/account (LE),"yes: gTLD zone file (daily) and new-domain lists (next day); CT at issuance if it gets a publicly trusted certificate (static logs before the SCT is returned, RFC 6962 logs within 24 h)",applies when the censor burns registrable domains (all sub-domains then share fate),"porkbun_pricing; facts pb_success_limit, le_orders_per_account, zfa_daily, ra_icann_daily, whoisds_next_day, chrome_ct_required, le_logs_everything, static_null_mmd, rfc6962_mmd"
registrable domain (eTLD+1),.cfd,1.8,15.96,1.8,0.0,registrar: 1000/day/account (Porkbun default); CA: 2400 single-name orders/day/account (LE),"yes: gTLD zone file (daily) and new-domain lists (next day); CT at issuance if it gets a publicly trusted certificate (static logs before the SCT is returned, RFC 6962 logs within 24 h)",applies when the censor burns registrable domains (all sub-domains then share fate),"porkbun_pricing; facts pb_success_limit, le_orders_per_account, zfa_daily, ra_icann_daily, whoisds_next_day, chrome_ct_required, le_logs_everything, static_null_mmd, rfc6962_mmd"
registrable domain (eTLD+1),.sbs,1.8,15.96,1.8,0.0,registrar: 1000/day/account (Porkbun default); CA: 2400 single-name orders/day/account (LE),"yes: gTLD zone file (daily) and new-domain lists (next day); CT at issuance if it gets a publicly trusted certificate (static logs before the SCT is returned, RFC 6962 logs within 24 h)",applies when the censor burns registrable domains (all sub-domains then share fate),"porkbun_pricing; facts pb_success_limit, le_orders_per_account, zfa_daily, ra_icann_daily, whoisds_next_day, chrome_ct_required, le_logs_everything, static_null_mmd, rfc6962_mmd"
registrable domain (eTLD+1),.com,11.08,11.08,11.08,0.0,registrar: 1000/day/account (Porkbun default); CA: 2400 single-name orders/day/account (LE),"yes: gTLD zone file (daily) and new-domain lists (next day); CT at issuance if it gets a publicly trusted certificate (static logs before the SCT is returned, RFC 6962 logs within 24 h)",applies when the censor burns registrable domains (all sub-domains then share fate),"porkbun_pricing; facts pb_success_limit, le_orders_per_account, zfa_daily, ra_icann_daily, whoisds_next_day, chrome_ct_required, le_logs_everything, static_null_mmd, rfc6962_mmd"
registrable domain (eTLD+1),cheapest ICANN TLD at Porkbun (autos baby beauty beer boats casa click courses forum garden hair help homes lat lol makeup mom monster motorcycles pics quest rest skin study surf yachts),1.54,,1.54,0.0,as above,as above,registrable domain,porkbun_tld_prices.csv
registrable domain (eTLD+1),median ICANN TLD at Porkbun (n=543),10.59,29.35,10.59,0.0,as above,as above,registrable domain,porkbun_tld_prices.csv
sub-domain label under an owned domain,per-label public certificate (HTTP-01 or DNS-01),,,0.0,0.0,"LE: 7.13 new certificates/day per registered domain sustained (50 per 7 days, burst 50); more parent domains or accounts scale it",yes: each label appears in CT at issuance,"the label (exact FQDN) or the parent domain, whichever the censor blocks","facts le_certs_per_regdomain, chrome_ct_required, le_logs_everything"
sub-domain label under an owned domain,one wildcard public certificate (DNS-01),,,0.0,0.0,no CA limit per label (one certificate covers every label one level down),parent only: CT shows *.<parent>; labels are not logged,label if the censor blocks exact FQDNs; otherwise the parent domain (one unit),"facts le_dns01_wildcard, rfc9525_one_label"
private name with pinned certificate,"label under an owned domain, private CA or self-signed certificate pinned in the client (e.g. WebTunnel non-WebPKI mode)",,,0.0,0.0,none from CAs; registrar limits apply only to the parent domain,"no mint-time channel (not publicly trusted, so not CT-logged; labels are not in zone files or NRD lists); exposed at first use (DNS/SNI on path)",label if the censor blocks exact FQDNs; otherwise the parent domain (one unit),"facts chrome_ct_required, apple_ct_required, tor_nonwebpki_pinning, zfa_active_names, gfwatch_sld_only"
platform tenant sub-domain (PSL private suffix),"documented free plans: github.io (GitHub Free), workers.dev and pages.dev (Cloudflare Free), vercel.app (Free/Hobby), web.app (no-cost tier), deno.net (Free), onrender.com (Free instances), azurewebsites.net (Free tier); fly.dev has no free tier; free allowances of on.aws and run.app not checked",,,0.0,0.0,"per-account quotas (platform_names.csv), e.g. 1 github.io host per account, 100 Pages projects, 100 Workers (Free), 200 Vercel projects and 100 deployments/day (Hobby), 36 Firebase sites per project","not via CT when a platform wildcard covers the name (github.io, netlify.app, web.app); account/project labels of two-level schemes likely via CT; platform metadata (e.g. GitHub public events)","tenant name, or the whole platform suffix if the censor accepts the collateral","platform_names.csv; facts gh_free_public_only, cf_pages_free_plan, vercel_free_deploys, firebase_no_cost, deno_free_plan, render_free_services, azure_free_10_apps, fly_no_free_tier"
IP address with publicly trusted certificate,"LE shortlived profile (160 h), IP identifier",,,not computed (cost of the address),0.0,LE: 50 certificates per IPv4 address (or IPv6 /64) per 7 days,yes: the IP address itself is CT-logged at issuance,the IP address,"facts le_6day_ga, le_ip_must_be_short, le_shortlived_ip, le_certs_per_regdomain"
