platform,default_name,psl_rule,psl_section,tenant_registered_domain_example,tenant_is_own_registered_domain,names_per_account,account_terms,cert_evidence,ct_exposure_at_mint,facts
GitHub Pages,<owner>.github.io,github.io,PRIVATE,tenant.github.io,True,1 hostname per account (project sites are paths under it),one free account per person; no bot-registered accounts; free plan needs a public repo,"crt.sh: unexpired Let's Encrypt certificate(s) for *.github.io, 2026-08-02 to 2026-10-31; docs: github.io sites served over HTTPS automatically","not via CT (a *.github.io wildcard exists), but the owner name is published by the public event for the (public) repository, 30 s to 6 h after creation",gh_one_site;gh_default_location;gh_tos_one_free;gh_tos_no_bots;gh_free_public_only;gh_https_auto;gh_createevent_repo;gh_event_repo_name;gh_events_latency
Cloudflare Workers,<worker>.<account>.workers.dev,workers.dev,PRIVATE,acct.workers.dev,True,"100 Workers (Free), 500 (Paid); one <account>.workers.dev subdomain",Cloudflare account; Free plan,not documented; crt.sh not queried (two-level names need a certificate naming at least the account label),account label: yes if a publicly trusted certificate names *.<account>.workers.dev (inferred: a *.workers.dev wildcard cannot cover two labels); worker labels: not needed,cf_workers_per_account;cf_workers_dev_format;cf_worker_route_format;rfc9525_one_label;chrome_ct_required
Cloudflare Pages,<project>.pages.dev; previews <hash>.<project>.pages.dev,pages.dev,PRIVATE,proj.pages.dev,True,100 projects per account (not routinely raised); unlimited preview deployments,Free plan; new accounts throttled in first 48 h,crt.sh lookup for *.pages.dev failed (HTTP 502 twice); not documented,project label: yes if previews are served under a publicly trusted *.<project>.pages.dev (inferred),cf_pages_100_projects;cf_pages_48h;cf_pages_free_plan;cf_pages_preview_format;cf_pages_unlimited_previews;rfc9525_one_label
Vercel,<project>-<hash>-<scope>.vercel.app,vercel.app,PRIVATE,proj-hash-scope.vercel.app,True,"200 projects, 100 deployments per day (Hobby); each Git-commit deployment gets a new hostname with a random 9-character hash",Free (Hobby) plan,crt.sh lookup for *.vercel.app failed (HTTP 504 twice); not documented,unknown from documentation (single-label names could be covered by one wildcard),vercel_projects;vercel_deploys_day;vercel_free_deploys;vercel_url_format;vercel_hash_9
Netlify,<site>.netlify.app,netlify.app,PRIVATE,site.netlify.app,True,not stated in the fetched pages,certificates free; plan prices not checked,"crt.sh: unexpired DigiCert Inc certificate(s) for *.netlify.app, 2026-02-16 to 2027-03-19; docs: new sites 'instantly secured' at the netlify.app URL",tenant name not needed in CT (wildcard exists),netlify_instant;netlify_custom_le;netlify_free_certs
Firebase Hosting,"<site>.web.app, <site>.firebaseapp.com",web.app,PRIVATE,site.web.app,True,36 sites per Firebase project,no-cost tier (10 GB storage),"crt.sh: unexpired Google Trust Services certificate(s) for *.web.app, 2026-07-20 to 2026-10-18",tenant name not needed in CT for web.app (wildcard exists),firebase_36_sites;firebase_no_cost;firebase_default_domains;firebase_preview_format
Deno Deploy,<app>.<org>.deno.net,deno.net,PRIVATE,org.deno.net,True,10 active apps per organization (Free),Free plan $0/month,not documented; crt.sh not queried,org label: yes if a publicly trusted *.<org>.deno.net certificate is used (inferred),deno_org_domain;deno_app_two_level;deno_free_plan;deno_free_10_apps;rfc9525_one_label
Fly.io,<app>.fly.dev,fly.dev,PRIVATE,app.fly.dev,True,not stated,no free tier; credit card on file,not documented; crt.sh not queried,unknown from documentation,fly_default;fly_no_free_tier;fly_card
Render,<service>.onrender.com,onrender.com,PRIVATE,svc.onrender.com,True,not stated (750 free instance hours per workspace per month),free web services,docs: free TLS certificates for the onrender.com subdomain (wildcard or per-service not stated),unknown from documentation,render_subdomain;render_tls;render_750h;render_free_services
AWS Lambda function URL,<url-id>.lambda-url.<region>.on.aws,lambda-url.us-east-1.on.aws,PRIVATE,urlid.lambda-url.us-east-1.on.aws,True,no per-account count documented (storage and concurrency quotas only),AWS account,not documented; crt.sh not queried,unknown from documentation,aws_url_format
Azure App Service,<app>-<hash>.<region>.azurewebsites.net,eastus-01.azurewebsites.net,PRIVATE,app-hash.eastus-01.azurewebsites.net,True,Free tier: 10 apps per App Service plan,Azure subscription; Free tier,not documented; crt.sh not queried,unknown from documentation,azure_unique_format;azure_noreuse;azure_free_10_apps
Google Cloud Run,<service>-<project-number>.<region>.run.app,*.run.app,PRIVATE,svc-123.us-central1.run.app,True,"1,000 services per project and region",Google Cloud project,not documented; crt.sh not queried,unknown from documentation,gcr_deterministic_format;gcr_1000_services
