platform,host_pattern,synthetic_example,matched_rule,psl_section,psl_line,psl_org_header,public_suffix,registered_domain,tenant_is_own_registered_domain,psl_version,psl_commit
GitHub Pages,<owner>.github.io,tenant.github.io,github.io,PRIVATE,13775,"GitHub, Inc.",github.io,tenant.github.io,True,2026-10-01_23-02-52_UTC,6cd82aff889e3d64e5e03bc5c1f43da1934a960a
Cloudflare Workers,<worker>.<account>.workers.dev,worker.acct.workers.dev,workers.dev,PRIVATE,12703,"Cloudflare, Inc. : https://www.cloudflare.com/",workers.dev,acct.workers.dev,True,2026-10-01_23-02-52_UTC,6cd82aff889e3d64e5e03bc5c1f43da1934a960a
Cloudflare Pages,<project>.pages.dev,proj.pages.dev,pages.dev,PRIVATE,12701,"Cloudflare, Inc. : https://www.cloudflare.com/",pages.dev,proj.pages.dev,True,2026-10-01_23-02-52_UTC,6cd82aff889e3d64e5e03bc5c1f43da1934a960a
Cloudflare Pages (preview),<hash>.<project>.pages.dev,hash.proj.pages.dev,pages.dev,PRIVATE,12701,"Cloudflare, Inc. : https://www.cloudflare.com/",pages.dev,proj.pages.dev,True,2026-10-01_23-02-52_UTC,6cd82aff889e3d64e5e03bc5c1f43da1934a960a
Vercel,<project>-<hash>-<scope>.vercel.app,proj-hash-scope.vercel.app,vercel.app,PRIVATE,16265,"Vercel, Inc : https://vercel.com/",vercel.app,proj-hash-scope.vercel.app,True,2026-10-01_23-02-52_UTC,6cd82aff889e3d64e5e03bc5c1f43da1934a960a
Netlify,<site>.netlify.app,site.netlify.app,netlify.app,PRIVATE,14891,Netlify : https://www.netlify.com,netlify.app,site.netlify.app,True,2026-10-01_23-02-52_UTC,6cd82aff889e3d64e5e03bc5c1f43da1934a960a
Firebase Hosting,<site>.web.app,site.web.app,web.app,PRIVATE,13926,"Google, Inc.",web.app,site.web.app,True,2026-10-01_23-02-52_UTC,6cd82aff889e3d64e5e03bc5c1f43da1934a960a
Firebase Hosting (alt),<site>.firebaseapp.com,site.firebaseapp.com,firebaseapp.com,PRIVATE,13639,"Firebase, Inc.",firebaseapp.com,site.firebaseapp.com,True,2026-10-01_23-02-52_UTC,6cd82aff889e3d64e5e03bc5c1f43da1934a960a
Deno Deploy,<app>.<org>.deno.net,app.org.deno.net,deno.net,PRIVATE,12895,Deno Land Inc : https://deno.com/,deno.net,org.deno.net,True,2026-10-01_23-02-52_UTC,6cd82aff889e3d64e5e03bc5c1f43da1934a960a
Deno Deploy Classic,<project>.deno.dev,proj.deno.dev,deno.dev,PRIVATE,12893,Deno Land Inc : https://deno.com/,deno.dev,proj.deno.dev,True,2026-10-01_23-02-52_UTC,6cd82aff889e3d64e5e03bc5c1f43da1934a960a
Fly.io,<app>.fly.dev,app.fly.dev,fly.dev,PRIVATE,13656,fly.io : https://fly.io,fly.dev,app.fly.dev,True,2026-10-01_23-02-52_UTC,6cd82aff889e3d64e5e03bc5c1f43da1934a960a
Render,<service>.onrender.com,svc.onrender.com,onrender.com,PRIVATE,15473,Render : https://render.com,onrender.com,svc.onrender.com,True,2026-10-01_23-02-52_UTC,6cd82aff889e3d64e5e03bc5c1f43da1934a960a
AWS Lambda function URL,<url-id>.lambda-url.<region>.on.aws,urlid.lambda-url.us-east-1.on.aws,lambda-url.us-east-1.on.aws,PRIVATE,12259,AWS Lambda Function URLs,lambda-url.us-east-1.on.aws,urlid.lambda-url.us-east-1.on.aws,True,2026-10-01_23-02-52_UTC,6cd82aff889e3d64e5e03bc5c1f43da1934a960a
Azure App Service,<app>.azurewebsites.net,app.azurewebsites.net,azurewebsites.net,PRIVATE,14706,Microsoft Corporation : http://microsoft.com,azurewebsites.net,app.azurewebsites.net,True,2026-10-01_23-02-52_UTC,6cd82aff889e3d64e5e03bc5c1f43da1934a960a
Azure App Service (unique),<app>-<hash>.<region>.azurewebsites.net,app-hash.eastus-01.azurewebsites.net,eastus-01.azurewebsites.net,PRIVATE,14724,Microsoft Corporation : http://microsoft.com,eastus-01.azurewebsites.net,app-hash.eastus-01.azurewebsites.net,True,2026-10-01_23-02-52_UTC,6cd82aff889e3d64e5e03bc5c1f43da1934a960a
Google Cloud Run,<service>-<project-number>.<region>.run.app,svc-123.us-central1.run.app,*.run.app,PRIVATE,13924,"Google, Inc.",us-central1.run.app,svc-123.us-central1.run.app,True,2026-10-01_23-02-52_UTC,6cd82aff889e3d64e5e03bc5c1f43da1934a960a
Google Cloud Run (hash URL),<service-id>.a.run.app,svcid.a.run.app,*.run.app,PRIVATE,13924,"Google, Inc.",a.run.app,svcid.a.run.app,True,2026-10-01_23-02-52_UTC,6cd82aff889e3d64e5e03bc5c1f43da1934a960a
