subdomain,ct_log_entry,first_dns_query_time,dns_delay_s,dns_delay_recomputed_s,dns_queries,querying_ases,first_https,https_delay_min,https_delay_reported,delta_matches_timestamps
A,2018-04-12 14:16:59,14:20:16,197,197,55,14,2018-04-12 15:33:49,73,73m,True
B,2018-04-12 14:18:31,14:19:44,73,73,55,14,2018-04-12 15:38:27,79,79m,True
C,2018-04-20 10:43:44,10:45:03,101,79,81,14,2018-05-10 06:44:44,27360,19d,False
D,2018-04-30 13:00:28,13:02:08,96,100,36,10,2018-04-30 14:53:46,111,111m,False
E,2018-04-30 13:03:10,13:05:50,120,160,30,12,2018-04-30 14:50:39,85,85m,False
F,2018-04-30 13:50:06,13:52:04,118,118,36,13,2018-04-30 14:51:26,59,59m,True
G,2018-04-30 14:00:07,14:02:05,118,118,62,32,2018-05-10 06:26:51,7200,5d,True
H,2018-04-30 14:10:07,14:12:04,117,117,32,11,2018-04-30 16:12:33,122,122m,True
I,2018-04-30 14:20:07,14:22:04,117,117,44,18,2018-04-30 16:12:33,112,112m,True
J,2018-04-30 14:30:07,14:32:07,120,120,36,10,2018-04-30 16:10:03,98,98m,True
K,2018-04-30 14:40:07,14:42:11,124,124,39,19,2018-04-30 16:10:57,88,88m,True
