alpha,kmax,n,mu_over_lambda_a,c_a,beta_star_avg
0.95,4,2,0.25,0.36,none (c_a < alpha)
0.95,4,2,0.5,0.555556,none (c_a < alpha)
0.95,4,2,1.0,0.75,none (c_a < alpha)
0.95,4,2,2.0,0.888889,none (c_a < alpha)
0.95,4,2,3.0,0.9375,none (c_a < alpha)
0.95,4,2,3.75,0.955679,0.3037
0.95,4,2,10.0,0.991736,0.5446
0.95,4,4,0.25,0.5904,none (c_a < alpha)
0.95,4,4,0.5,0.802469,none (c_a < alpha)
0.95,4,4,1.0,0.9375,none (c_a < alpha)
0.95,4,4,2.0,0.987654,0.5274
0.95,4,4,3.0,0.996094,0.5619
0.95,4,4,3.75,0.998036,0.5693
0.95,4,4,10.0,0.999932,0.5764
0.95,4,8,0.25,0.832228,none (c_a < alpha)
0.95,4,8,0.5,0.960982,0.3658
0.95,4,8,1.0,0.996094,0.5619
0.95,4,8,2.0,0.999848,0.5761
0.95,4,8,3.0,0.999985,0.5766
0.95,4,8,3.75,0.999996,0.5766
0.95,4,8,10.0,1.0,0.5767
0.95,8,2,0.25,0.36,none (c_a < alpha)
0.95,8,2,0.5,0.555556,none (c_a < alpha)
0.95,8,2,1.0,0.75,none (c_a < alpha)
0.95,8,2,2.0,0.888889,none (c_a < alpha)
0.95,8,2,3.0,0.9375,none (c_a < alpha)
0.95,8,2,3.75,0.955679,0.5881
0.95,8,2,10.0,0.991736,0.8124
0.95,8,4,0.25,0.5904,none (c_a < alpha)
0.95,8,4,0.5,0.802469,none (c_a < alpha)
0.95,8,4,1.0,0.9375,none (c_a < alpha)
0.95,8,4,2.0,0.987654,0.7976
0.95,8,4,3.0,0.996094,0.8272
0.95,8,4,3.75,0.998036,0.8335
0.95,8,4,10.0,0.999932,0.8395
0.95,8,8,0.25,0.832228,none (c_a < alpha)
0.95,8,8,0.5,0.960982,0.6504
0.95,8,8,1.0,0.996094,0.8272
0.95,8,8,2.0,0.999848,0.8392
0.95,8,8,3.0,0.999985,0.8397
0.95,8,8,3.75,0.999996,0.8397
0.95,8,8,10.0,1.0,0.8397
0.95,16,2,0.25,0.36,none (c_a < alpha)
0.95,16,2,0.5,0.555556,none (c_a < alpha)
0.95,16,2,1.0,0.75,none (c_a < alpha)
0.95,16,2,2.0,0.888889,none (c_a < alpha)
0.95,16,2,3.0,0.9375,none (c_a < alpha)
0.95,16,2,3.75,0.955679,0.802
0.95,16,2,10.0,0.991736,0.9612
0.95,16,4,0.25,0.5904,none (c_a < alpha)
0.95,16,4,0.5,0.802469,none (c_a < alpha)
0.95,16,4,1.0,0.9375,none (c_a < alpha)
0.95,16,4,2.0,0.987654,0.9508
0.95,16,4,3.0,0.996094,0.9717
0.95,16,4,3.75,0.998036,0.9761
0.95,16,4,10.0,0.999932,0.9803
0.95,16,8,0.25,0.832228,none (c_a < alpha)
0.95,16,8,0.5,0.960982,0.8471
0.95,16,8,1.0,0.996094,0.9717
0.95,16,8,2.0,0.999848,0.9801
0.95,16,8,3.0,0.999985,0.9804
0.95,16,8,3.75,0.999996,0.9805
0.95,16,8,10.0,1.0,0.9805
0.95,32,2,0.25,0.36,none (c_a < alpha)
0.95,32,2,0.5,0.555556,none (c_a < alpha)
0.95,32,2,1.0,0.75,none (c_a < alpha)
0.95,32,2,2.0,0.888889,none (c_a < alpha)
0.95,32,2,3.0,0.9375,none (c_a < alpha)
0.95,32,2,3.75,0.955679,0.9201
0.95,32,2,10.0,0.991736,1.0221
0.95,32,4,0.25,0.5904,none (c_a < alpha)
0.95,32,4,0.5,0.802469,none (c_a < alpha)
0.95,32,4,1.0,0.9375,none (c_a < alpha)
0.95,32,4,2.0,0.987654,1.0151
0.95,32,4,3.0,0.996094,1.0292
0.95,32,4,3.75,0.998036,1.0323
0.95,32,4,10.0,0.999932,1.0352
0.95,32,8,0.25,0.832228,none (c_a < alpha)
0.95,32,8,0.5,0.960982,0.9482
0.95,32,8,1.0,0.996094,1.0292
0.95,32,8,2.0,0.999848,1.035
0.95,32,8,3.0,0.999985,1.0353
0.95,32,8,3.75,0.999996,1.0353
0.95,32,8,10.0,1.0,1.0353
