censor,parameter,value_or_range,units,context,source_key,quote,page,printed_page,row_id,param_type,model_quantity,comparable_to_model,verified,match,extra_quotes_verified,citation,bibkey,raw_file,note
GFW (China),"Active-probe delay after a Tor connection (probe, not block)",56% < 1 s; median 552 ms; spikes > 60 s; outliers > 800 s removed,seconds,2014-2015 Sybil decoy-bridge experiment from a VPS in China; Tor/obfs probing,ensafi2015imc,"First, 56% of all probing connections arrived after less than one second (median 552 ms). We conclude that the Chinese censors have abandoned a 15-minute queue and now operate in real time.",6,450,G01,addr_discovery,lambda_a (lower bound on time-to-block),partial,True,strict,,"Ensafi et al., IMC 2015",gfw_hidden,raw/ensafi2015imc_gfw_hidden_servers.pdf,"Probe arrival time, not block time; blocking requires the probe to confirm the protocol."
GFW (China),Earlier (2011-2012) probing cadence: 15-minute scanning queue,probes at multiples of 15 min (2012),minutes,"2012 unpublished bridge in Singapore, client VPS in China",winter2012foci,"We conjecture that the GFC maintains scanning queues. When the DPI boxes discover a potential Tor connection, the IP:port tuple of the suspected bridge is added to a queue. Every 15 minutes, these queues are processed and all IP:port tuples in the queue are being scanned.",5,,G02,addr_discovery,lambda_a,partial,True,strict,,"Winter & Lindskog, FOCI 2012",gfw_blocking_tor,raw/winter2012foci_gfw_blocking_tor.pdf,Historical; superseded by real-time probing by 2015 (G01).
GFW (China),Unpublished Tor bridges stop working minutes after first use (user report cited by paper),a few minutes,minutes,"Oct 2011 Tor bug-tracker report, China",winter2012foci,"On October 4, 2011 a user reported to the Tor bug tracker that unpublished bridges stop working after only a few minutes when used from within China [17].",1,,G03,addr_discovery,lambda_a (time-to-block),yes,True,strict,,"Winter & Lindskog, FOCI 2012",gfw_blocking_tor,raw/winter2012foci_gfw_blocking_tor.pdf,Second-hand report summarised by the paper; order of magnitude only.
GFW (China),Scanning starts on first Tor connection and stops after ~1 min (bridge then blocked),scans start ~0 s; scans end ~60 s,seconds,"2018; client VPS in Shanghai, own bridges in US/CA/UK",dunna2018foci,"Scanning begins almost instantaneously after the Tor connection attempt is made, and after about a minute, the scans completely stop.",4,,G04,addr_discovery,lambda_a (time-to-block ~ scan window),partial,True,strict,,"Dunna, O'Brien & Gill, FOCI 2018",unpublished_bridges,raw/dunna2018foci_unpublished_bridges.pdf,Paper does not report an exact block delay; ~1 min is the scan window preceding the block.
GFW (China),Replay-probe delay after a legitimate Shadowsocks connection,>20% < 1 s; >50% < 1 min; >75% < 15 min,seconds-minutes,Sept 2019 - Jan 2020; Shadowsocks servers (Digital Ocean UK) with clients in Tencent Beijing,alice2020imc,More than 20% of first replays arrived within one second; more than 50% within one minute; and more than 75% within 15 minutes.,5,,G05,addr_discovery,"lambda_a (probe, not block)",partial,True,strict,,"Alice et al., IMC 2020",gfw_shadowsocks,raw/alice2020imc_shadowsocks.pdf,Probing delay; Shadowsocks blocking itself was rare (G07).
GFW (China),Range of replay-probe delays (Shadowsocks),0.28 s - 570 h,seconds-hours,as G05,alice2020imc,The shortest delay we observed was 0.28 seconds and the longest was 570 hours.,5,,G06,addr_discovery,"lambda_a (probe, not block)",partial,True,strict,,"Alice et al., IMC 2020",gfw_shadowsocks,raw/alice2020imc_shadowsocks.pdf,"Heavy-tailed probe delays. If block delays look like this, neither their mean nor their tail fixes the blocked fraction p (the paper's remark on general discovery delays, Appendix B)."
GFW (China),Probing does not imply blocking (Shadowsocks),3 servers blocked over experiments on 63 vantage points (servers + clients),count,July 2019 - 2020; several Shadowsocks implementations,alice2020imc,"Interestingly, although many of our VPSes have been under intensive active probing, only three have been blocked.",10,,G07,visibility,lambda_a (probability that discovery leads to a block),partial,True,strict,1/1,"Alice et al., IMC 2020",gfw_shadowsocks,raw/alice2020imc_shadowsocks.pdf,Number of server VPSes not stated separately; cannot form a rate.
GFW (China),Shadowsocks blocking may be gated by human decision,hypothesis (not measured),-,as G07,alice2020imc,"One is that the blocking of Shadowsocks is controlled by human factors. That is, the GFW may maintain a list of detected or suspected Shadowsocks servers, and it is up to a human decision whether the servers on the list should be blocked or not.",11,,G08,visibility,"lambda_a (state-dependent, event-driven)",no,True,strict,,"Alice et al., IMC 2020",gfw_shadowsocks,raw/alice2020imc_shadowsocks.pdf,Authors' hypothesis; supports treating lambda_a as time-varying around political events.
GFW (China),Per-connection blocking probability for fully encrypted traffic,0.263 per connection (geometric fit),probability,"May 2022 10% IPv4 scan, 109,489 affected IPs, port 80, from Tencent Beijing",wu2023usenix,"This result suggests that the blocking of each connection is independent, with a probability of 26.3%.",11,2662,G09,visibility,per-connection detection (outside model); not lambda_a,no,True,strict,1/1,"Wu et al., USENIX Security 2023",gfw_fullyencrypted,raw/wu2023usenix_fully_encrypted.pdf,"Triggers a 3-tuple residual block (G12), not a persistent address block."
GFW (China),Fraction of scanned IPs subject to fully-encrypted-traffic blocking,2% of 5.5M IPs affected (98% unaffected),fraction of IPs,May 2022 10% IPv4 scan on TCP/80,wu2023usenix,"Of the 5.5 million processed IPs, 98% of them are unaffected by the GFW’s blocking, suggesting that China is fairly conservative in employing this new censorship.",10,2661,G10,visibility,scope of detection (gamma-like),partial,True,strict,,"Wu et al., USENIX Security 2023",gfw_fullyencrypted,raw/wu2023usenix_fully_encrypted.pdf,"Fraction of destination IPs monitored, not a block budget."
GFW (China),"Provider/prefix-scoped detection: CDNs spared, VPS ranges targeted","all-or-nothing per /20; Alibaba US, Constant heavily affected; Akamai, Cloudflare not; Amazon, DigitalOcean, Linode mixed",AS / prefix,May 2022 scan; ASes with >=5 results,wu2023usenix,"it shows both ASes that are heavily affected (e.g., Alibaba US, Constant) and ones that are not (Akamai, Cloudflare). In addition, some ASes have a mix of affected and not affected prefixes (Amazon, Digital Ocean, Linode).",11,2662,G11,collateral,gamma (collateral-aware scoping),partial,True,strict,,"Wu et al., USENIX Security 2023",gfw_fullyencrypted,raw/wu2023usenix_fully_encrypted.pdf,Qualitative support for collateral freedom on CDN prefixes; no gamma value.
GFW (China),Residual 3-tuple block after fully-encrypted-traffic detection,120 or 180 s (shorter under many concurrent blocks),seconds,"2021-2023; client IP, server IP, server port",wu2023usenix,"We find that once this new censorship system blocks a connection, it continues to drop all subsequent TCP packets having the same 3-tuple (client IP, server IP, server port) for 120 or 180 seconds.",7,2658,G12,persistence,residual 3-tuple block (outside model),no,True,strict,,"Wu et al., USENIX Security 2023",gfw_fullyencrypted,raw/wu2023usenix_fully_encrypted.pdf,Covers every connection from the client to that server port; neither an address nor a name block.
GFW (China),Estimated false-positive collateral of the fully-encrypted-traffic rules,~0.6% of normal traffic if applied broadly,fraction of connections,Inferred rules simulated on a US university tap,wu2023usenix,"We estimate that, if applied broadly, it could potentially block about 0.6% of normal Internet traffic as collateral damage.",2,2653,G13,collateral,gamma (cost side),no,True,strict,,"Wu et al., USENIX Security 2023",gfw_fullyencrypted,raw/wu2023usenix_fully_encrypted.pdf,"Per-connection false-positive estimate, not an address-space fraction."
GFW (China),Enforcement of IP:port blocks on Tor relays from 161 Chinese clients (hybrid idle scans),"S->C dropped 81.52%, none dropped 0.39%, C->S dropped 0.55%, error 17.54%",% of client-relay-hour tests,15 Mar - 10 Apr 2014; hourly tests,ensafi2015popets,"CN Tor−Relay 116,460 (81.52) 555 (0.39) 786 (0.55) 25,061 (17.54)",10,70,G14,visibility,enforcement probability (model assumes 1),partial,True,strict,,"Ensafi et al., PoPETs 2015(1)",gfw_space_time,raw/ensafi2015popets_gfw_space_time.pdf,Leakage (none-dropped / non-error tests) computed in derived/derived_values.csv.
GFW (China),Filtering failures cluster in time,bursts of hours; no geographic pattern,-,as G14,ensafi2015popets,This shows that No-packets-dropped cases generally happen in bursts of hours.,10,70,G15,visibility,enforcement,no,True,strict,,"Ensafi et al., PoPETs 2015(1)",gfw_space_time,raw/ensafi2015popets_gfw_space_time.pdf,
GFW (China),Leakage through blocks on published relays,< 0.2% of pings,fraction of pings,"2018, Shanghai VPS",dunna2018foci,"We observe a small number, less than 0.2%, of pings do make it through the GFW, but we note that this occurs very infrequently and we do not observe any trends in these successful pings.",3,,G16,visibility,enforcement probability,partial,True,strict,,"Dunna, O'Brien & Gill, FOCI 2018",unpublished_bridges,raw/dunna2018foci_unpublished_bridges.pdf,
GFW (China),Periodic fail-open of Tor blocking,successful connection roughly every 25 h,hours,Dec 2014 - Jan 2015 clients in CERNET and Unicom,ensafi2015imc,"We find that although Tor is mostly blocked, Tor clients succeed in connecting roughly every 25 hours.",6,450,G17,visibility,enforcement,no,True,strict,,"Ensafi et al., IMC 2015",gfw_hidden,raw/ensafi2015imc_gfw_hidden_servers.pdf,
GFW (China),Bridge IP block duration and unblocking,"12 h after the scan; re-scanned, unblocked if no longer a relay",hours,2018; own bridges in US/CA/UK,dunna2018foci,"we observe the bridge relay is blocked for 12 hours after it is scanned. After 12 hours, the bridge is scanned again and becomes accessible if the Tor service is no longer running.",4,,G18,persistence,address block persistence (model: blocks persist),partial,True,strict,,"Dunna, O'Brien & Gill, FOCI 2018",unpublished_bridges,raw/dunna2018foci_unpublished_bridges.pdf,"Released addresses are not consumed permanently, which supports the assumption that rotations land on unblocked addresses."
GFW (China),Block renewal on renewed use,timer renews to 12 h from last attempted Tor connection,hours,as G18,dunna2018foci,"We also notice that if we attempt a Tor connection sometime during the block to any of the blocked bridges, the block duration renews to 12 hours from the last attempted Tor connection.",4,,G19,persistence,address block persistence,partial,True,strict,,"Dunna, O'Brien & Gill, FOCI 2018",unpublished_bridges,raw/dunna2018foci_unpublished_bridges.pdf,
GFW (China),2012: block lifted ~12 h after scanners can no longer reach the bridge,~12 h,hours,2012 bridge in Singapore,winter2012foci,"This observation shows that once a Tor bridge has been blocked, it only remains blocked if Chinese scanners are able to continuously connect to the bridge. If they cannot, the block is removed.",3,,G20,persistence,address block persistence,partial,True,strict,1/1,"Winter & Lindskog, FOCI 2012",gfw_blocking_tor,raw/winter2012foci_gfw_blocking_tor.pdf,The ~12 h value is in the preceding sentence on the same page.
GFW (China),Shadowsocks server unblocked without re-probing,> 1 week,days,2019-2020,alice2020imc,One of our servers became unblocked more than a week after being blocked.,11,,G21,persistence,address block persistence,partial,True,strict,,"Alice et al., IMC 2020",gfw_shadowsocks,raw/alice2020imc_shadowsocks.pdf,Single server.
GFW (China),"Block granularity 2012-2016: IP:port, not whole IP",IP:port,-,2014-2015 Sybil experiment,ensafi2015imc,"Since the GFW blocks by IP:port tuple, not just IP address [32], the GFW interpreted every single port in the range as a distinct Tor bridge and probed them separately.",4,448,G22,collateral,gamma (minimal address-layer collateral),partial,True,strict,,"Ensafi et al., IMC 2015",gfw_hidden,raw/ensafi2015imc_gfw_hidden_servers.pdf,
GFW (China),Block granularity 2016: IP and port,IP:port (SSH on same IP stayed reachable),-,Dec 2015 - Jun 2016,fifield2016foci,"We found that blocking in China was keyed on both IP address and port, consistent with an observation of Winter and Lindskog in 2012 [18].",5,5,G23,collateral,gamma,partial,True,strict,,"Fifield & Tsai, FOCI 2016",censors_delay,raw/fifield2016foci_censors_delay.pdf,
GFW (China),Block granularity 2018: whole IP,whole IP (all ports),-,2018 bridges,dunna2018foci,the firewall blocks the IP address completely regardless. This highlights the potential collateral damage if Tor bridge relays are hosted in cloud computing facilities where they may be colocated with Web services.,4,,G24,collateral,gamma,partial,True,strict,,"Dunna, O'Brien & Gill, FOCI 2018",unpublished_bridges,raw/dunna2018foci_unpublished_bridges.pdf,Granularity changed over time (G22-G24).
GFW (China),Shadowsocks block granularity,per port or per IP (server-to-client direction),-,2019-2020,alice2020imc,"Some were blocked by dropping all traffic from a specific server port (block by port), and some by dropping traffic from all ports (block by IP address).",10,,G25,collateral,gamma,partial,True,strict,,"Alice et al., IMC 2020",gfw_shadowsocks,raw/alice2020imc_shadowsocks.pdf,
GFW (China),List-scraping delay: published Tor relay to IP blacklist,~10 min on average,minutes,2018; two own published relays,dunna2018foci,"We find that on average, our published relays are added to an IP blacklist after 10 minutes.",3,,G26,name_layer,per-unit hazard delta for units listed in a public directory,yes,True,strict,,"Dunna, O'Brien & Gill, FOCI 2018",unpublished_bridges,raw/dunna2018foci_unpublished_bridges.pdf,"Address units listed publicly, not domain names; closest measured analogue of a scraped name list."
GFW (China),Release-to-block delay for published default bridges (batches),"7, 2, 18, 11, 36 days after first public release (up to 57 days after ticket)",days,"Dec 2015 - Jun 2016, Tor Browser default obfs4 bridges, two China ASes",fifield2016foci,"Across the five batches, we observed blocking delays of 7, 2, 18, 11, and 36 days after the first public release, and up to 57 days after the filing of the first ticket, when bridges were potentially first discoverable.",5,5,G27,name_layer,per-unit hazard delta for publicly distributed units,yes,True,strict,,"Fifield & Tsai, FOCI 2016",censors_delay,raw/fifield2016foci_censors_delay.pdf,Summary statistics in derived/derived_values.csv.
GFW (China),Batch (correlated) blocking of units exposed together,all bridges of a batch blocked within 20 min,-,as G27,fifield2016foci,"When a batch contained more than one bridge, all were blocked at once (within our probing period of 20 minutes).",5,5,G28,name_layer,burst size b,yes,True,strict,1/1,"Fifield & Tsai, FOCI 2016",censors_delay,raw/fifield2016foci_censors_delay.pdf,"The 5.5/6.0a1 batch had 6 new bridges, all blocked the same day (Table 2, same page); supports b>1 (bursty burns)."
GFW (China),Extended series of release-to-block delays,"7, 2, 18, 10, 35, 6 days",days,"2015-2016, extended analysis",fifield2017arxiv,"In our first six batches, we observed blocking delays of 7, 2, 18, 10, 35, and 6 days after the first public release, and up to 57 days after the filing of the first ticket, when bridges were potentially first discoverable.",5,5,G29,name_layer,per-unit hazard delta,yes,True,strict,,"Fifield, Tsai & Zhong, arXiv:1709.08718 (2017)",censor_detection,raw/fifield2017arxiv_detecting_censor_detection.pdf,"Re-analysis differs slightly from G27 (11->10, 36->35 days)."
GFW (China),"Discovery moved upstream: blocked at source-code merge, before release",pre-release (preemptive) from Oct 2016,-,Oct 2016 onward,fifield2017arxiv,"Rather than wait until after a release to block bridges, it started blocking them after a ticket was merged (before release).",9,9,G30,name_layer,delta -> effectively infinite for units exposed in watched channels,yes,True,strict,,"Fifield, Tsai & Zhong, arXiv:1709.08718 (2017)",censor_detection,raw/fifield2017arxiv_detecting_censor_detection.pdf,
GFW (China),Name-based QUIC blocking independent of server IP,"since 7 Apr 2024; SNI-based, regardless of server IP",-,"2024-2025; 7 China vantage points (Tencent, Alibaba)",zohaib2025usenix,"We show that the GFW blocks QUIC connections based on client Initial SNI, regardless of the server IP address.",3,784,G31,name_layer,name layer binds (rotation cannot escape a burned name),yes,True,strict,,"Zohaib et al., USENIX Security 2025",gfw_quic,raw/zohaib2025usenix_quic_sni.pdf,
GFW (China),Start date of QUIC SNI blocking,7 April 2024,date,GFW national,zohaib2025usenix,"Despite QUIC handshake packets being encrypted, the Great Firewall of China (GFW) has begun blocking QUIC connections to specific domains since April 7, 2024.",2,783,G32,name_layer,name layer,yes,True,strict,,"Zohaib et al., USENIX Security 2025",gfw_quic,raw/zohaib2025usenix_quic_sni.pdf,See T10: TSPU did this earlier (2022-2023).
GFW (China),Residual block after a QUIC SNI trigger,"3 min (180 s), client-to-server 3-tuple",seconds,2024-2025,zohaib2025usenix,the GFW drops subsequent packets from the client to server for 3 minutes (Figure 1).,3,784,G33,persistence,"residual 3-tuple block, client to server (outside model)",no,True,strict,,"Zohaib et al., USENIX Security 2025",gfw_quic,raw/zohaib2025usenix_quic_sni.pdf,
GFW (China),"QUIC SNI blocklist size (Tranco full list, ~7M FQDNs tested)","weekly mean 43.8K FQDNs; 58,207 ever blocked (8 Oct 2024 - 15 Jan 2025)",FQDNs,"weekly aggregation, Beijing clients",zohaib2025usenix,"On a weekly basis, we found that the GFW blocked an average of 43.8K FQDNs from the Tranco list (Figure 6). Over the full duration of our experiments, we observed that the GFW blocked 58,207 unique FQDNs from the Tranco list (Table 4).",9,790,G34,name_layer,censor name-blocking capacity (not beta),no,True,strict,2/2,"Zohaib et al., USENIX Security 2025",gfw_quic,raw/zohaib2025usenix_quic_sni.pdf,"35,443 of the blocked FQDNs are *.googlevideo.com subdomains (same page)."
GFW (China),Other GFW name blocklists on the same Tranco list,"DNS 106,973; HTTP 105,488; HTTPS 102,216; QUIC ~55% of these",FQDNs,9-15 Jan 2025,zohaib2025usenix,"For our tested Tranco list domains, DNS blocking affected the largest number of domains (106,973), followed by HTTP (105,488) and HTTPS (102,216). The QUIC blocklist was notably smaller, containing approximately 55 percent the number of domains compared to the other three blocklists.",9,790,G35,name_layer,censor name-blocking capacity (not beta),no,True,strict,,"Zohaib et al., USENIX Security 2025",gfw_quic,raw/zohaib2025usenix_quic_sni.pdf,Abstract says 'roughly 60%'; body says ~55%.
GFW (China),User-minted circumvention names are blocked,Hysteria project domain and users' custom proxy domains blocked; WARP MASQUE subdomain blocked,-,2024-2025,zohaib2025usenix,but users’ custom domains used for Hysteria proxies are also blocked.,15,796,G36,name_layer,lambda_disc > 0 for defender-minted names,partial,True,strict,,"Zohaib et al., USENIX Security 2025",gfw_quic,raw/zohaib2025usenix_quic_sni.pdf,No timing or counts given; existence evidence only. The same sentence reports the project's main domain as blocked too (host name not reproduced here).
GFW (China),QUIC SNI enforcement is load-dependent,>= 50% of test connections blocked at 3-6 AM China Standard Time; lower during the day,probability,"2024-2025; Beijing, Shanghai, Guangzhou",zohaib2025usenix,Since the blocking rate during this time is observed to be at least 50% for our connections,9,790,G37,visibility,enforcement probability,partial,True,strict,,"Zohaib et al., USENIX Security 2025",gfw_quic,raw/zohaib2025usenix_quic_sni.pdf,Diurnal pattern described on p.7 (G38).
GFW (China),Diurnal pattern of QUIC SNI blocking,"peaks early morning, lowest during the day",-,as G37,zohaib2025usenix,"there is a clear diurnal pattern across all three cities, with blocking percentages peaking during early morning hours and dropping to the lowest levels during the day.",7,788,G38,visibility,enforcement probability,no,True,strict,,"Zohaib et al., USENIX Security 2025",gfw_quic,raw/zohaib2025usenix_quic_sni.pdf,
GFW (China),DNS blocklist size and overblocking (GFWatch),311K censored domains of 534M tested (Apr-Dec 2020); 41K innocuous overblocked,domains,"9 months, avg 411M domains/day",hoang2021usenix,"We present the results of running GFWatch over a nine-month period, during which we tested an average of 411M domains per day and detected a total of 311K domains censored by GFW’s DNS filter.",2,3381,G39,name_layer,censor name-blocking capacity (not beta),no,True,strict_nohyphen,,"Hoang et al., USENIX Security 2021",gfwatch,raw/hoang2021usenix_gfwatch.pdf,
GFW (China),Name-level overblocking from regex rules,41K innocuous domains,domains,as G39,hoang2021usenix,"We further reverse engineer regular expressions used by the GFW and find 41K innocuous domains that match these filters, resulting in overblocking of their content.",2,3381,G40,collateral,name-layer collateral (accepted by censor),partial,True,strict,,"Hoang et al., USENIX Security 2021",gfwatch,raw/hoang2021usenix_gfwatch.pdf,p.6 writes '41K of the 331K censored domains' (likely a typo for 311K).
GFW (China),Name block persistence within the GFWatch window,126K of 138.7K base domains still censored on 31 Dec 2020,base domains,Apr-Dec 2020,hoang2021usenix,"As of December 31st, 126K base domains are still being censored.",5,3384,G41,persistence,name block persistence (model: blocks persist),partial,True,strict,1/1,"Hoang et al., USENIX Security 2021",gfwatch,raw/hoang2021usenix_gfwatch.pdf,138.7K base domains stated on the same page; ratio in derived_values.csv; right-censored.
GFW (China),DNS poisoning success for censored names,> 99.9% of resolutions,fraction,"2020, China vantage to foreign authoritative",hoang2021usenix,the GFW can successfully poison more than 99.9% of all resolutions that carry censored domains,11,3390,G42,visibility,enforcement probability,partial,True,strict,,"Hoang et al., USENIX Security 2021",gfwatch,raw/hoang2021usenix_gfwatch.pdf,
GFW (China),"Name block durations, national GFW vs Henan (right-censored at 256 days)","GFW: mean 173.8 d, reported median 256 d = window length, i.e. >=256 d (right-censored); Henan: mean 35.7 d, median 21 d",days,Nov 2023 - Mar 2025 with a Mar-Oct 2024 gap; Tranco top 1M daily,wu2025sp,"While 75% of blocked domains were censored for fewer than 51 days by the Henan Firewall, more than 50% of the domains ever censored by the GFW were blocked during the entire measurement period (256 days). Domains blocked by the GFW had longer censorship durations (mean: 173.8 days; median: 256 days) compared to those blocked by the Henan Firewall (mean: 35.7 days; median: 21 days).",11,,G43,persistence,name block persistence,partial,True,strict,,"Wu et al., IEEE S&P 2025",wall_behind_wall,raw/wu2025sp_wall_behind_wall.pdf,"GFW median is a lower bound (the window length), not a point estimate."
Henan regional firewall (China),"Cumulative blocklist sizes (227M CZDS domains, weekly)","Henan 4,196,532 vs GFW 741,542 domains ever blocked",domains,26 Dec 2023 - 31 Mar 2025,wu2025sp,"During the experiment, the Henan Firewall blocked 4,196,532 domains—more than five times the 741,542 domains ever blocked by the GFW.",12,,H01,name_layer,censor name-blocking capacity (not beta),no,True,strict,,"Wu et al., IEEE S&P 2025",wall_behind_wall,raw/wu2025sp_wall_behind_wall.pdf,
Henan regional firewall (China),Whole-suffix (second-level) overblocking,"all 5,334 *.com.au, 2,075 *.co.za, 1,547 *.org.uk tested domains blocked on some dates",domains,2024,wu2025sp,"In 2024, Henan blocked all 5,334 *.com.au domains we tested on Jan 19 and Feb 1–2, all 2,075 *.co.za domains Feb 15–Mar 4, and all 1,547 *.org.uk domains Feb 8–Mar 4.",11,,H02,collateral,name-layer collateral (accepted by a regional censor),partial,True,strict,,"Wu et al., IEEE S&P 2025",wall_behind_wall,raw/wu2025sp_wall_behind_wall.pdf,
Henan regional firewall (China),Rule churn (add/remove generic second-level rules),"frequent add/remove of *.com.au, *.net.br, *.gov.co rules",-,Nov 2023 - Mar 2025,wu2025sp,"The Henan Firewall frequently added and removed generic second-level domain blocking rules (e.g. *.com.au, *.net.br, *.gov.co), causing dramatic changes in the number of blocked domains.",10,,H03,name_layer,name block persistence (unblocking helps defender),partial,True,strict,,"Wu et al., IEEE S&P 2025",wall_behind_wall,raw/wu2025sp_wall_behind_wall.pdf,
Russia (field report; TSPU not confirmed),"Field report: Outline (Shadowsocks) server IP inaccessible after 5-15 min of use, restored after ~15 min",block after 5-15 min of use; unblocked after ~15 min,minutes,"FIELD REPORT, single user, March 2022, Swiss VPS, 5 Russian ISPs; no independent replication",bbs111,1. Connecting to Outline Server 2. Do some web surfing for 5-15 minutes 3. Server IP banned (none of ports are working and ip is not accessible) 4. Wait 15 minutes 5. Server IP unbanned,issue body (2022-03-27),,T01,addr_discovery,lambda_a (time-to-block) and address block duration,partial,True,strict,2/2,"net4people/bbs issue #111 (field report, 2022)",n4p_issue111,raw/net4people_bbs_issue111.html,"Report says the server was inaccessible 'by client (client ip address was connected...)': scope may be per-client, not global. Commenters hypothesise traffic analysis rather than active probing."
TSPU (Russia),Data-centre exemption,data-centre VPSes show little or no censorship; residential vantage points heavily censored,-,"2022; 3 residential vantage points (St Petersburg, Moscow, Krasnoyarsk)",xue2022imc,"Indeed, all data center VPSes we rent show little to no signs of censorship, while all three residential vantage points we own experience heavy censorship.",3,3,T02,visibility,visibility (which client networks are covered),partial,True,strict,,"Xue et al., IMC 2022",tspu,raw/xue2022imc_tspu.pdf,
TSPU (Russia),Deployment coverage (remote fragmentation fingerprint; lower bound),"1,013,600 of 4,005,138 endpoints (25.31%) from 650 of 4,986 ASes",endpoints,April 2022; top-10 open ports in Russia (Censys),xue2022imc,"In total, out of 4,005,138 endpoints from 4,986 ASes that we checked, 1,013,600 (25.31%) endpoints from 650 ASes showed TSPU-like IP fragmentation behavior, suggesting that this new TSPU system has already achieved significant deployment within Russia.",11,11,T03,visibility,visibility,partial,True,strict,2/2,"Xue et al., IMC 2022",tspu,raw/xue2022imc_tspu.pdf,Authors state these are likely lower bounds (upstream-only and behind-NAT devices undetectable).
TSPU (Russia),TSPU enforcement failures by vantage point and trigger,0.00%-2.19% unblocked connections (ER-Telecom worst),"% of 20,000 requests","2022; Rostelecom, ER-Telecom, OBIT",xue2022imc,ERTelecom N/A 1.76% 2.19% 0.93% 0.045%,6,6,T04,visibility,enforcement probability (model assumes 1),partial,True,strict,3/3,"Xue et al., IMC 2022",tspu,raw/xue2022imc_tspu.pdf,"Columns: SNI-I, SNI-II, SNI-IV, QUIC, IP-based."
TSPU (Russia),IP block persists after the service stops,Tor entry IP blocked since Dec 2021; still blocked > 1 month after shutdown (8 Mar 2022),months,"2021-2022, Paris Tor entry node",xue2022imc,"While the Tor node is no longer in operation as of March 2022, residual censorship remains in place up until the date of submission of this paper.",3,3,T05,persistence,address block persistence (model: blocks persist),yes,True,strict,,"Xue et al., IMC 2022",tspu,raw/xue2022imc_tspu.pdf,Out-of-registry block; contrasts with GFW's 12 h release (G18).
TSPU (Russia),Residual blocking timeouts after a trigger,SNI-I 75 s; SNI-II 420 s; SNI-IV 40 s; QUIC 420 s,seconds,2022,xue2022imc,Local.Trigger(SNI- II); SLEEP 420 SNI- II,7,7,T06,persistence,residual block (outside model),no,True,strict,3/3,"Xue et al., IMC 2022",tspu,raw/xue2022imc_tspu.pdf,Full Table 2 rows on the same page; values transcribed in 'value'.
TSPU (Russia),Registry enforced uniformly by TSPU,"9,655 of a 10,000-domain registry sample blocked in all three ISPs",domains,registry domains added since 1 Jan 2022,xue2022imc,"while the TSPU blocks the same list of 9,655 domains in all three ISPs.",8,8,T07,name_layer,name-layer enforcement,partial,True,strict,1/1,"Xue et al., IMC 2022",tspu,raw/xue2022imc_tspu.pdf,
TSPU (Russia),Out-of-registry IP blocks include VPN and Google IPs,"Tor entry IP + six more IPs (VPN providers, Google services), none in registry",IPs,2022,xue2022imc,"Besides the Tor entry node IP, we also found six additional IPs that are being blocked with the same set of behaviors, including IPs from VPN providers and Google services.",5,5,T08,collateral,gamma (willingness to block high-value IPs),partial,True,strict,,"Xue et al., IMC 2022",tspu,raw/xue2022imc_tspu.pdf,Counts only; no fraction.
TSPU (Russia),Protocol-wide block: all international QUIC dropped (Period B),from 4 Mar 2022 until likely 3 Jun 2022,dates,"Russia, international QUIC v1 to UDP/443",heitmann2026foci,"On March 4, 2022, users first reported that Russia enabled QUIC-specific censorship by dropping all international QUIC traffic [37].",2,2,T09,collateral,gamma -> 1 for a whole protocol (temporary),partial,True,strict_nohyphen,1/1,"Heitmann et al., FOCI 2026(2)",russia_quic_sni,raw/heitmann2026foci_russia_quic_sni.pdf,End date inferred by the authors from Cloudflare Radar (same page).
TSPU (Russia),Switch to SNI-based QUIC censorship,between May 2022 and July 2023 (>= 9 months before GFW),date range,"Russia, international traffic",heitmann2026foci,"We identify that Russian TSPU devices switched to SNI-dependent QUIC censorship on a large scale between May 2022 and July 2023, a fact that went largely unnoticed for three years.",1,1,T10,name_layer,name layer binds,yes,True,strict,,"Heitmann et al., FOCI 2026(2)",russia_quic_sni,raw/heitmann2026foci_russia_quic_sni.pdf,
TSPU (Russia),Russian TLS/QUIC name blocklist on Tranco top 100k,"2,644 domains blocked via TLS packet dropping; QUIC list matches",domains,"March-April 2026, 3 Russian vantage points",heitmann2026foci,"We determined that Russia censored TLS through packet dropping for 2,644 domains.",3,3,T11,name_layer,censor name-blocking capacity (not beta),no,True,strict,1/1,"Heitmann et al., FOCI 2026(2)",russia_quic_sni,raw/heitmann2026foci_russia_quic_sni.pdf,
TSPU (Russia),QUIC residual censorship duration,420 s on the 4-tuple; resets on further packets,seconds,2026,heitmann2026foci,"We determined that Russian QUIC censorship employs residual censorship on the 4-tuple (src IP, src port, dst IP, dst port) for 420 seconds—sending additional messages resets the timer.",3,3,T12,persistence,residual 4-tuple block (outside model),no,True,strict,,"Heitmann et al., FOCI 2026(2)",russia_quic_sni,raw/heitmann2026foci_russia_quic_sni.pdf,
TSPU (Russia),QUIC censorship reliability,variable (unreliable) per domain over 10 trials,-,2026,heitmann2026foci,The variance indicates that both the network and the Russian QUIC censorship are unreliable.,3,3,T13,visibility,enforcement probability,no,True,strict,,"Heitmann et al., FOCI 2026(2)",russia_quic_sni,raw/heitmann2026foci_russia_quic_sni.pdf,
Russia and Iran,Collateral tolerance rises during unrest,qualitative,-,2025-2026 literature summary,chen2026arxiv,"show that nation-state censors may choose to perform aggressive blocking, even at substantial collateral cost, during periods of political unrest [1].",1,1,T14,collateral,gamma is time-varying,partial,True,strict,,"Chen et al., arXiv:2609.12242v2 (CCS 2026)",snowflake_enumeration,raw/chen2026arxiv_snowflake_enumeration.pdf,
Iran,Protocol filter coverage of destination IPs (Alexa top 20k),"3,595 IPs (17.9%) tripped the filter >= 8 of 10 times",IPs,2020; 6 vantage points in Iran,bock2020foci,"Over all ten experiments, 3,595 IP addresses (17.9%) tripped the filter at least eight times.",3,,I01,visibility,visibility (which destinations are filtered),partial,True,strict,1/1,"Bock et al., FOCI 2020",iran_whitelister,raw/bock2020foci_iran_whitelister.pdf,
Iran,Prefix-scoped application on Cloudflare,only 104.18.0.0/16 and 104.31.82.0/24 affected,prefixes,2020,bock2020foci,We found that only two of Cloudflare’s prefixes contained IP addresses that are affected by the filter: 104.18.0.0/16 and 104.31.82.0/24.,4,,I02,collateral,gamma (prefix-scoped),partial,True,strict,,"Bock et al., FOCI 2020",iran_whitelister,raw/bock2020foci_iran_whitelister.pdf,
Iran,Protocol-filter residual drop,"60 s, timer resets on each packet",seconds,2020,bock2020foci,"We find that, once tripped, the filter will continue to drop the offending flow’s network traffic for 60 seconds, but each time an additional packet is sent in a flow, the 60 second timer resets.",3,,I03,persistence,residual block of the offending flow (outside model),no,True,strict,,"Bock et al., FOCI 2020",iran_whitelister,raw/bock2020foci_iran_whitelister.pdf,
Iran,Ports covered by the protocol filter,"TCP 53, 80, 443 only",ports,2020,bock2020foci,"We find that Iran’s protocol filter affects only TCP traffic, and only on ports 53 (commonly DNS), 80 (commonly HTTP), and 443 (commonly HTTPS).",2,,I04,visibility,visibility,partial,True,strict,,"Bock et al., FOCI 2020",iran_whitelister,raw/bock2020foci_iran_whitelister.pdf,
Iran,No blocking of public default Tor bridges observed,none observed (TCP reachability every 20 min),-,Dec 2015 - Jun 2016,fifield2016foci,We found no blocking at all of the default bridges from our site in Iran.,5,5,I05,addr_discovery,lambda_a (no evidence of fast address discovery),partial,True,strict,,"Fifield & Tsai, FOCI 2016",censors_delay,raw/fifield2016foci_censors_delay.pdf,Absence in one vantage point and period; TCP tests may miss higher-layer blocking (I06).
Iran,No bridge blocking in Iran over a year (with caveat),all reachable all the time,-,2016-2017,fifield2017arxiv,"In Iran, we did not see any blocking of bridges; all of them were reachable all the time—though what we discovered in Kazakhstan means that there may have been blocking that TCP reachability tests would not detect.",5,5,I06,addr_discovery,lambda_a,partial,True,strict,,"Fifield, Tsai & Zhong, arXiv:1709.08718 (2017)",censor_detection,raw/fifield2017arxiv_detecting_censor_detection.pdf,
Iran,Snowflake rendezvous disrupted by TLS-fingerprint blocking (not by name),usage collapse on 2022-10-04,date,Iran 2022 protests,bocovich2024usenix,"Two weeks later, on 2022-10-04, usage dropped almost as quickly as it had risen—the cause was the blocking, in Iran, of a TLS fingerprint used by the Snowflake client.",11,2644,I07,name_layer,name layer (fronted names survived; fingerprint was the weak point),partial,True,strict,,"Bocovich et al., USENIX Security 2024",snowflake,raw/bocovich2024usenix_snowflake.pdf,
Snowflake system (multi-censor),Volunteer proxy pool turnover,~20 h for 50% of the proxy pool to turn over,hours,"broker HyperLogLog churn logs, Jul 2022 - Oct 2023 (Jan 2023 shown)",bocovich2024usenix,It takes about 20 hours for 50% of the proxy pool to turn over.,12,2645,S01,arrival,defender-side address turnover (analogue of mu for a volunteer pool),partial,True,strict,,"Bocovich et al., USENIX Security 2024",snowflake,raw/bocovich2024usenix_snowflake.pdf,
Snowflake system (multi-censor),Why churn matters for an enumerating censor,qualitative,-,design rationale,bocovich2024usenix,"Churn determines how hard a censor would have to work to keep a blocklist of proxy IP addresses up to date; or alternatively, how quickly a momentarily complete blocklist would lose effectiveness.",12,2645,S02,arrival,mu vs lambda_a race,partial,True,strict,,"Bocovich et al., USENIX Security 2024",snowflake,raw/bocovich2024usenix_snowflake.pdf,
Snowflake system (multi-censor),Names used by Snowflake rendezvous are high-collateral fronts,qualitative,-,domain-fronting rendezvous,bocovich2024usenix,"A censor cannot easily block domain-fronted rendezvous without also blocking unrelated connections to the front domain, which should be selected to have high value to the censor.",5,2638,S03,collateral,name-layer collateral (not in the model),partial,True,strict,,"Bocovich et al., USENIX Security 2024",snowflake,raw/bocovich2024usenix_snowflake.pdf,
Snowflake system (multi-censor),Protocol-wide blocking option,blockable by any censor willing to block WebRTC,-,design statement,bocovich2024usenix,Snowflake is blockable by any censor that is willing to block WebRTC.,13,2646,S04,collateral,gamma -> 1 at protocol level,partial,True,strict,,"Bocovich et al., USENIX Security 2024",snowflake,raw/bocovich2024usenix_snowflake.pdf,
Snowflake system (multi-censor),China: brief disruption of fronted rendezvous,3 days in May 2023; no sustained blocking,days,China,bocovich2024usenix,"Though no sustained blocking is evident, disruption of domain fronting rendezvous for three days in May 2023 briefly depressed user numbers.",14,2647,S05,name_layer,name layer (fronted),partial,True,strict,,"Bocovich et al., USENIX Security 2024",snowflake,raw/bocovich2024usenix_snowflake.pdf,
Snowflake system (multi-censor),Practical enumeration by malicious clients,"> 21,000 unique proxy IPs in ~1,000 ASes over 48 days",IPs,May-June 2025; two low-rate clients polling the live broker,chen2026arxiv,"Over 48 days of real-world measurements from May–June 2025, our attack enumerated over 21,000 unique proxy IP addresses belonging to almost 1,000 autonomous systems.",1,1,S06,addr_discovery,lambda_a via enumeration,partial,True,strict,,"Chen et al., arXiv:2609.12242v2 (CCS 2026)",snowflake_enumeration,raw/chen2026arxiv_snowflake_enumeration.pdf,
Snowflake system (multi-censor),AS-level blocking: proxy coverage vs popular-domain collateral,"top 1% ASes -> 30.1% (restricted) / 30.9% (unrestricted) of proxies; 0% Tranco top-100, 1.55% top-10K, 2.45% top-1M",fractions,2025 enumeration data,chen2026arxiv,"blocking the top 1% of most frequent ASes already covers 30.1% of restricted proxies and 30.9% of unrestricted proxies, while blocking 0% of the Tranco Top 100 domains, 1.55% of the Top 10K domains, and 2.45% of the",8,8,S07,collateral,gamma (residential ISP ASes are low-collateral),partial,True,strict,,"Chen et al., arXiv:2609.12242v2 (CCS 2026)",snowflake_enumeration,raw/chen2026arxiv_snowflake_enumeration.pdf,Quote ends at a page break ('Top 1M domains' continues on p.9).
Snowflake system (multi-censor),Collateral jump when hyperscaler ASes are blocked,AMAZON-02: top-100 collateral 1.37% -> 5.48%; Cloudflare: 8.22% -> 17.81%,% of top-100,"2025 enumeration data, cumulative AS blocklist",chen2026arxiv,"Once major infrastructure ASes enter the blocklist, collateral rises abruptly. For example, adding ASN 16509 (AMAZON-02) raises Top 100 collateral from 1.37% to 5.48%, and adding ASN 13335 (CLOUDFLARENET-AS) raises it from 8.22% to 17.81%.",9,9,S08,collateral,gamma for hyperscaler-hosted defenders,partial,True,strict,,"Chen et al., arXiv:2609.12242v2 (CCS 2026)",snowflake_enumeration,raw/chen2026arxiv_snowflake_enumeration.pdf,"Collateral metric = share of popular domains, not share of provider address space."
Snowflake system (multi-censor),ISP vs hosting ASes,"ISP ASes >80% of proxies, <10% collateral; hosting <15% of proxies, >80% collateral",-,2025,chen2026arxiv,"ISP networks account for more than 80% of observed proxies while inducing very little domain collateral (<10% across all domain ranks) as shown in Figure 6, whereas hosting networks contribute far fewer proxies (<15%) but very high collateral (>80% across all domain ranks).",9,9,S09,collateral,gamma by network type,partial,True,strict,,"Chen et al., arXiv:2609.12242v2 (CCS 2026)",snowflake_enumeration,raw/chen2026arxiv_snowflake_enumeration.pdf,
Snowflake system (multi-censor),Churn parameter used in simulation,2.7% of proxies per hour (default),per hour,simulation default,chen2026arxiv,We set the default base proxy churn rate as 2.7% per hour from the results reported in the original Snowflake study [10].,5,5,S10,arrival,defender-side turnover,partial,True,strict,,"Chen et al., arXiv:2609.12242v2 (CCS 2026)",snowflake_enumeration,raw/chen2026arxiv_snowflake_enumeration.pdf,2.7%/h implies a ~25 h half-life vs ~20 h in S01 (derived_values.csv).
Snowflake system (multi-censor),IP-level vs AS-level blocking,IP blocking manageable due to churn; AS blocking drives retries into thousands,-,2025,chen2026arxiv,"IP-level blocking is disruptive but manageable for Snowflake clients currently due to high proxy churn. However, AS-level blocking is the real threat in deployment, driving retry burden for clients into the thousands.",8,8,S11,collateral,gamma (range blocking dominates per-IP blocking),partial,True,strict,,"Chen et al., arXiv:2609.12242v2 (CCS 2026)",snowflake_enumeration,raw/chen2026arxiv_snowflake_enumeration.pdf,
Game-theoretic proxy distribution,Time unit and birth interval in the ENEM19 simulator,1 time unit = 1 day; birth interval 365,days,Nasr et al. simulation,nasr2019ndss,"In our simulator, we define each time unit as one day in the real world. We set the birth interval to 365, therefore, representing 1 year in the real world.",8,8,N01,arrival,time unit,partial,True,strict,,"Nasr et al., NDSS 2019",nasr_enemy_gateways,raw/nasr2019ndss_enemy_gateways.pdf,
Game-theoretic proxy distribution,"Proxy-arrival ecosystems (clients mu, proxies lambda per day; birth b / stable s)","Static 20,5,2,0; Slow 20,5,5,0.1; Alive 20,5,10,0.5-7.5; Popular 20,5,20,0.5-10",per day,Table II,nasr2019ndss,Alive 20 5 10 0.5–7.5,8,8,N02,arrival,"lambda_intro analogue (per-unit, not per-name)",partial,True,strict,4/4,"Nasr et al., NDSS 2019",nasr_enemy_gateways,raw/nasr2019ndss_enemy_gateways.pdf,"Table columns: mu_b, lambda_b, mu_s, lambda_s."
Game-theoretic proxy distribution,Replenishment threshold (equilibrium proxy arrival rate),lambda_s-hat ~ 3 proxies/day in their setting; below it the system is eventually blocked,proxies/day,"Alive and Popular ecosystems, optimal censor",nasr2019ndss,"We see that each ecosystem has an equilibrium point (λ̂s ≈ 3 in our setting); if λs is less than λ̂s , the system will eventually get blocked over time (and the pace of blocking is inversely proportional to λs ).",11,11,N03,arrival,beta = 1 analogue (minting must keep up with burning),partial,True,strict,,"Nasr et al., NDSS 2019",nasr_enemy_gateways,raw/nasr2019ndss_enemy_gateways.pdf,Threshold is specific to their client arrival rate and censor-agent fraction.
Game-theoretic proxy distribution,Lesson: replenishment rate is the key control,qualitative,-,Nasr et al. lessons,nasr2019ndss,Lesson Five: The rate of adding new proxies to a circumvention system is crucial for its effectiveness. The rate should be based on the capabilities of the censor as well as the circumvention ecosystem.,11,11,N04,arrival,lambda_intro vs lambda_disc,partial,True,strict,,"Nasr et al., NDSS 2019",nasr_enemy_gateways,raw/nasr2019ndss_enemy_gateways.pdf,
Game-theoretic proxy distribution,No influx -> eventual total blocking,qualitative,-,discussion,nasr2019ndss,"According to our experiments and analysis, no distribution algorithm can protect proxies from the censoring agents as long as there is no influx of new proxies.",12,12,N05,arrival,beta > 1 impossibility analogue,partial,True,strict,,"Nasr et al., NDSS 2019",nasr_enemy_gateways,raw/nasr2019ndss_enemy_gateways.pdf,
Game-theoretic proxy distribution,Replenishment should scale with censor share,qualitative,-,discussion,nasr2019ndss,the rate of new bridges in Tor should be proportional to the ratio of the censoring agents (which is valid for any proxy system).,12,12,N06,arrival,lambda_intro proportional to lambda_disc (constant beta),partial,True,strict,,"Nasr et al., NDSS 2019",nasr_enemy_gateways,raw/nasr2019ndss_enemy_gateways.pdf,
Game-theoretic proxy distribution,Proxy arrival relative to clients matters more than censor strategy (Snowflake model),qualitative,-,"Fares et al. simulation, 360 steps x 5 runs",fares2026foci,but that the more important factor is the arrival rate of proxies relative to users,5,18,F01,arrival,lambda_intro,partial,True,strict,,"Fares, Fulsundar & Hopper, FOCI 2026(1)",fares_game_changed,raw/fares2026foci_game_has_changed.pdf,
Game-theoretic proxy distribution,Over-provisioned arrival setting and its empirical basis,proxies 250/step vs clients 200/step; >= 80K unique proxy IPs/day vs ~40K users/day (2024),per step; per day,Fares et al. reading of Bocovich et al.,fares2026foci,a minimum of 80K unique proxy IP addresses per day in 2024 compared with an average of approximately 40K users per day.,5,18,F02,arrival,lambda_intro (volunteer pool),partial,True,strict,,"Fares, Fulsundar & Hopper, FOCI 2026(1)",fares_game_changed,raw/fares2026foci_game_has_changed.pdf,"Secondary: these counts are read from Bocovich et al.'s figures, not stated in their text."
Game-theoretic proxy distribution,Recruiting more proxies beats sophisticated distribution,qualitative,-,conclusion,fares2026foci,"In many cases, the simple strategy of recruiting more proxies significantly improved outcomes compared to the more sophisticated mechanisms studied by Nasr et al.",8,21,F03,arrival,lambda_intro,partial,True,strict,,"Fares, Fulsundar & Hopper, FOCI 2026(1)",fares_game_changed,raw/fares2026foci_game_has_changed.pdf,
Game-theoretic proxy distribution,Proxy departure rate used (citing Bocovich et al.),~half of proxies leave every 24 h,per day,model input,fares2026foci,Bocovych et al. [2] found that roughly half of proxies leave the network every 24 hours.,4,17,F04,arrival,defender-side turnover,partial,True,strict,,"Fares, Fulsundar & Hopper, FOCI 2026(1)",fares_game_changed,raw/fares2026foci_game_has_changed.pdf,Bocovich et al. report ~20 h for 50% turnover (S01); consistent to rounding.
Game-theoretic proxy distribution,Ephemeral pools resist enumeration in simulation,qualitative,-,RQ1,fares2026foci,"Overall, we can see that Snowflake effectively deters enumeration attacks, with neither the aggressive nor the optimal censor preventing clients from connecting to proxies.",6,19,F05,arrival,mu >> lambda_a regime,partial,True,strict,,"Fares, Fulsundar & Hopper, FOCI 2026(1)",fares_game_changed,raw/fares2026foci_game_has_changed.pdf,
Game-theoretic proxy distribution,"Real outages came from flow blocking, not proxy blocking",qualitative,-,discussion,fares2026foci,in practice the system has experienced service outages due to censors blocking flows rather than proxies.,8,21,F06,arrival,"outside model (blocking of flows, not proxies)",no,True,strict,,"Fares, Fulsundar & Hopper, FOCI 2026(1)",fares_game_changed,raw/fares2026foci_game_has_changed.pdf,
Game-theoretic proxy distribution,Arrival rates in the 'Dynamic' environment attributed to Nasr et al.,"birth (60 steps): 20 users/step, 5 proxies/step; then 10 users/step, 0.75 proxies/step",per step,Fares et al. zig-zag experiments,fares2026foci,"this is followed by an arrival rate of 10 users/step, 0.75 proxies per step, 10% of censor agents, and a proxy capacity of 40 users.",6,19,F07,arrival,lambda_intro analogue,partial,True,strict,,"Fares, Fulsundar & Hopper, FOCI 2026(1)",fares_game_changed,raw/fares2026foci_game_has_changed.pdf,Nasr et al. (published) use a 365-day birth interval and Static/Slow/Alive/Popular ecosystems; the 60-step 'Dynamic' setting appears to come from the SpotProxy reimplementation.
GFW (China),Bridge blocked some time after the scans (no exact delay reported),RST on first attempt; full block 'after some amount of time',-,2018,dunna2018foci,"Similar to published relays, we observe that an initial connection attempt is blocked using a TCP reset packet",4,,G44,addr_discovery,lambda_a,partial,True,strict,1/1,"Dunna, O'Brien & Gill, FOCI 2018",unpublished_bridges,raw/dunna2018foci_unpublished_bridges.pdf,Continues: '...and after some amount of time the bridge is completely blocked' (footnote marker interrupts the sentence in the PDF).
GFW (China),"Bridges blocked minutes after first use (2011 reports, as summarised in 2015)",minutes,minutes,historical summary,ensafi2015imc,"Motivated by reports that China was blocking Tor bridges only minutes after their first use from within China, he investigated and observed the GFW performing active probing",2,446,G45,addr_discovery,lambda_a (time-to-block),yes,True,strict,,"Ensafi et al., IMC 2015",gfw_hidden,raw/ensafi2015imc_gfw_hidden_servers.pdf,Second-hand.
GFW (China),Release-gated discovery; channel matters (Orbot-only bridges never blocked),2-36 days; Orbot-only bridges unblocked,days,Dec 2015 - Jun 2016,fifield2016foci,"China’s national firewall blocked new bridges after a varying delay of between 2 and 36 days. Blocking occurred only after end-user software releases, despite bridges being potentially discoverable earlier through other channels. While the firewall eventually discovered the bridges of Tor Browser, those that appeared only in Orbot, a version of Tor for mobile devices, remained unblocked.",1,1,G46,name_layer,lambda_disc depends on the exposure channel,yes,True,strict,,"Fifield & Tsai, FOCI 2016",censors_delay,raw/fifield2016foci_censors_delay.pdf,
GFW (China),"Part-manual, part-automatic blocking pipeline",manual discovery after unpredictable delay + periodic automatic enforcement,-,inferred from blocking times of day,fifield2016foci,"suggest a blocking procedure that is part manual and part automatic: a manual process discovers bridges after an unpredictable delay; then a periodic, automatic process causes the blocks to take effect.",6,6,G47,name_layer,lambda_disc as a batch/renewal process (bursty burns),partial,True,strict,,"Fifield & Tsai, FOCI 2016",censors_delay,raw/fifield2016foci_censors_delay.pdf,
GFW (China),Dedicated circumvention IPs carry no collateral protection,qualitative,-,Shadowsocks servers,alice2020imc,"The servers running Shadowsocks are usually dedicated solely to circumvention, and do not host other services that the censor cares to keep accessible, so there is little harm to the censor in blocking the server entirely.",10,,G48,collateral,"gamma applies to shared ranges, not to a dedicated address",partial,True,strict,,"Alice et al., IMC 2020",gfw_shadowsocks,raw/alice2020imc_shadowsocks.pdf,
GFW (China),Unblocking motivated by collateral,relay IPs purged when no longer running Tor,-,2018,dunna2018foci,"We find that the firewall blocks relay IPs through DPI, and to minimize collateral damage, purges these IPs when they are detected as no longer running Tor.",6,,G49,persistence,address recycling (supports gamma < 1 being maintained),partial,True,strict,,"Dunna, O'Brien & Gill, FOCI 2018",unpublished_bridges,raw/dunna2018foci_unpublished_bridges.pdf,
GFW (China),Monitoring limited to a fraction of connections and to data-centre ranges,26% of connections; specific data-centre IP ranges,-,2021-2023,wu2023usenix,"Possibly to mitigate over-blocking caused by false positives, our Internet scans show that the GFW strategically only monitors 26% of connections and only to specific IP ranges of popular data centers.",3,2654,G50,visibility,visibility; collateral-aware scoping,partial,True,strict,,"Wu et al., USENIX Security 2023",gfw_fullyencrypted,raw/wu2023usenix_fully_encrypted.pdf,
GFW (China),Circumvention-specific subdomain blocked (Cloudflare WARP MASQUE),blocked (no timing),-,2024-2025,zohaib2025usenix,"We discovered that the subdomain used for MASQUE was blocked by the GFW, disrupting the VPN client’s startup handshake.",15,796,G51,name_layer,lambda_disc > 0 for circumvention names,partial,True,strict,,"Zohaib et al., USENIX Security 2025",gfw_quic,raw/zohaib2025usenix_quic_sni.pdf,
GFW (China),Blocked names are mostly unpopular (long tail),1.3% of 138.7K base domains in Tranco top 100K,fraction,2020,hoang2021usenix,Only 1.3% of them are among the top 100K most popular domains,6,3385,G52,name_layer,obscurity does not protect a name,partial,True,strict,,"Hoang et al., USENIX Security 2021",gfwatch,raw/hoang2021usenix_gfwatch.pdf,
Snowflake system (multi-censor),Takeaway: ISP-hosted proxies blockable cheaply; cloud ASes expensive,> 50% of observed proxies blockable with negligible top-100 collateral,-,2025,chen2026arxiv,"More than 50% of observed proxies can be blocked with negligible Top 100 collateral as they are in ISP networks, but the collateral costs increase sharply when the blocklist includes major cloud ASes such as Amazon.",9,9,S12,collateral,gamma (provider-dependent),partial,True,strict,,"Chen et al., arXiv:2609.12242v2 (CCS 2026)",snowflake_enumeration,raw/chen2026arxiv_snowflake_enumeration.pdf,
Snowflake system (multi-censor),"Design premise: large, changing proxy pool resists enumeration",qualitative,-,design,bocovich2024usenix,The large and changing pool of proxy addresses resists enumeration and blocking by a censor.,2,2635,S13,arrival,mu (turnover) vs lambda_a,partial,True,strict,,"Bocovich et al., USENIX Security 2024",snowflake,raw/bocovich2024usenix_snowflake.pdf,
Snowflake system (multi-censor),Rendezvous (name layer) is a separate point of failure,qualitative,-,design,bocovich2024usenix,Both the main circumvention channel and the rendezvous must resist blocking: the combination is only as strong as the weaker of the two.,5,2638,S14,name_layer,availability = address factor x name factor (product form),yes,True,strict,,"Bocovich et al., USENIX Security 2024",snowflake,raw/bocovich2024usenix_snowflake.pdf,
Russia (field report; TSPU not confirmed),Commenter characterisation of the delay,'variable delay of up to 15 minutes',minutes,"FIELD REPORT discussion, 2022",bbs111,The fact that the server is blocked after a variable delay of up to 15 minutes is interesting.,comment 1 (2022-03-28T04:45:46Z),,T15,addr_discovery,lambda_a,partial,True,strict,,"net4people/bbs issue #111 (field report, 2022)",n4p_issue111,raw/net4people_bbs_issue111.html,"Commenter, not a measurement."
Russia (field report; TSPU not confirmed),Mechanism hypothesis for the field report,traffic analysis (not active probing) suspected,-,"FIELD REPORT discussion, 2022",bbs111,"Considering Russia has not been observed to use active probing before, we lean towards a traffic analysis based approach.",comment 2 (2022-03-28T06:03:40Z),,T16,addr_discovery,lambda_a (passive detection),no,True,strict,,"net4people/bbs issue #111 (field report, 2022)",n4p_issue111,raw/net4people_bbs_issue111.html,Hypothesis only.
Russia (field report; TSPU not confirmed),ISPs on which the reporter saw the behaviour,"MTS, Yota, Megafon, DOM.RU (ER-Telecom), Rostelecom",ISPs,"FIELD REPORT, 2022",bbs111,- MTS (mobile) - Yota - Megafon (mobile) - DOM.RU (ER Telecom) - Rostelecom,comment 9 (2022-03-31T17:15:09Z),,T17,visibility,visibility (multi-ISP),partial,True,strict,,"net4people/bbs issue #111 (field report, 2022)",n4p_issue111,raw/net4people_bbs_issue111.html,Self-reported.
TSPU (Russia),End of the protocol-wide QUIC block,likely 3 June 2022 (Cloudflare Radar + forum post); other source: by 8 July 2023,date,Russia,heitmann2026foci,"we suspect that Russia lifted its broad QUIC filter on June 3, 2022.",3,3,T18,collateral,gamma is time-varying,partial,True,strict,1/1,"Heitmann et al., FOCI 2026(2)",russia_quic_sni,raw/heitmann2026foci_russia_quic_sni.pdf,
Iran,"National shutdown as the extreme collateral regime (June 2025, mentioned)",shutdown in June 2025 (mentioned; not measured here),-,Snowflake enumeration study,chen2026arxiv,"during the June 2025 Iran shutdown shifted attacker visibility toward a smaller, more stable, and more infrastructure-heavy subset of proxies",2,2,I08,collateral,gamma -> 1 (all foreign addresses) during unrest,no,True,strict,,"Chen et al., arXiv:2609.12242v2 (CCS 2026)",snowflake_enumeration,raw/chen2026arxiv_snowflake_enumeration.pdf,Mentioned in passing; no timing given.
Henan regional firewall (China),Direction of regional filtering,outbound (traffic exiting the province) only,-,"Henan, 2023-2025",wu2025sp,"Contrasting the GFW that monitors and blocks traffic leaving and entering the country, this regional firewall only censors traffic exiting the province (Section 4.2).",1,,H04,visibility,visibility,partial,True,strict,,"Wu et al., IEEE S&P 2025",wall_behind_wall,raw/wu2025sp_wall_behind_wall.pdf,
TSPU (Russia),IP block outlived the service by over a month,> 1 month after the Tor instance stopped (8 Mar 2022),months,2022,xue2022imc,"We note that the Tor instance has not been in operation since March 8, over a month before our remote measurement started, but residual IP blocking remained in place.",4,4,T19,persistence,address block persistence,yes,True,strict,,"Xue et al., IMC 2022",tspu,raw/xue2022imc_tspu.pdf,Complements T05.
