event_id,country,transport,exclusion_rule,start,during_end,window_kind,pre_low,pre_high,pre_valid_days,pre_first_day_used,pre7_low,pre7_valid_days,post7_low,post7_valid_days,bracket_low,bracket_high,during_low,during_high,during_valid_days,during_days,post_low,post_valid_days,post_days,evaluable,small_baseline,chg_vs_pre14_low_pct,chg_vs_pre7_low_pct,chg_vs_bracket_low_pct,primary_estimator,chg_primary_low_pct,chg_primary_high_pct,chg_primary_bound_min_pct,chg_primary_bound_max_pct,chg_post14_vs_pre14_low_pct,days_missing,days_excluded_frac,days_excluded_shutdown,days_excluded_other_events
IR-sstatic-1,ir,snowflake,none,2023-01-16,2023-01-24,range,53484.5,53506.5,14,2022-12-24,58982.0,7,61277.0,7,60129.5,60156.5,53498.0,53521.0,9,9,60135.5,14,14,True,False,0.03,-9.3,-11.03,"bracket(pre7,post7)",-11.03,-11.03,-11.07,-10.99,12.44,7,2,0,0
IR-sstatic-1,ir,snowflake,excl_any_overlap,2023-01-16,2023-01-24,range,58982.0,59008.0,5,2023-01-01,58982.0,5,60232.0,7,59607.0,59632.5,53707.5,53731.5,6,9,60135.5,12,14,False,False,,,,"bracket(pre7,post7)",,,,,,7,2,19,0
IR-sstatic-1,ir,snowflake,excl_multi_source,2023-01-16,2023-01-24,range,53484.5,53506.5,14,2022-12-24,58982.0,7,61277.0,7,60129.5,60156.5,53707.5,53731.5,8,9,60135.5,14,14,True,False,0.42,-8.94,-10.68,"bracket(pre7,post7)",-10.68,-10.68,-10.72,-10.64,12.44,7,2,1,0
IR-sstatic-2,ir,snowflake,none,2023-01-31,2023-02-01,range,55249.5,55273.5,14,2023-01-17,60039.0,7,59051.0,7,59545.0,59570.5,60282.0,60309.5,2,2,55497.0,13,14,True,False,9.11,0.4,1.24,"bracket(pre7,post7)",1.24,1.24,1.19,1.28,0.45,7,3,0,0
IR-sstatic-2,ir,snowflake,excl_any_overlap,2023-01-31,2023-02-01,range,58982.0,59008.0,13,2023-01-07,59662.0,7,59051.0,7,59356.5,59382.5,60282.0,60309.5,2,2,56509.0,12,14,True,False,2.2,1.04,1.56,"bracket(pre7,post7)",1.56,1.56,1.51,1.61,-4.19,7,3,7,0
IR-sstatic-2,ir,snowflake,excl_multi_source,2023-01-31,2023-02-01,range,56662.0,56685.5,14,2023-01-16,60039.0,7,59051.0,7,59545.0,59570.5,60282.0,60309.5,2,2,55497.0,13,14,True,False,6.39,0.4,1.24,"bracket(pre7,post7)",1.24,1.24,1.19,1.28,-2.06,7,3,1,0
IR-sstatic-3,ir,snowflake,none,2023-02-10,2023-02-13,range,60135.5,60162.0,14,2023-01-26,59051.0,7,51570.0,7,55310.5,55327.0,55144.5,55168.0,4,4,46971.0,13,14,True,False,-8.3,-6.62,-0.3,"bracket(pre7,post7)",-0.3,-0.29,-0.33,-0.26,-21.89,2,2,0,0
IR-sstatic-3,ir,snowflake,excl_any_overlap,2023-02-10,2023-02-13,range,59850.5,59879.0,14,2023-01-24,59051.0,7,50605.0,7,54828.0,54850.5,55144.5,55168.0,4,4,45899.5,12,14,True,False,-7.86,-6.62,0.58,"bracket(pre7,post7)",0.58,0.58,0.54,0.62,-23.31,2,2,6,0
IR-sstatic-3,ir,snowflake,excl_multi_source,2023-02-10,2023-02-13,range,60135.5,60162.0,14,2023-01-26,59051.0,7,51570.0,7,55310.5,55327.0,55144.5,55168.0,4,4,46971.0,13,14,True,False,-8.3,-6.62,-0.3,"bracket(pre7,post7)",-0.3,-0.29,-0.33,-0.26,-21.89,2,2,1,0
IR-sstatic-4,ir,snowflake,none,2023-02-19,2023-02-19,range,55217.0,55242.0,14,2023-02-03,52725.0,7,43640.0,7,48182.5,48213.0,52724.0,52735.0,1,1,42519.5,14,14,True,False,-4.51,-0.0,9.43,"bracket(pre7,post7)",9.43,9.38,9.36,9.45,-23.0,0,2,0,0
IR-sstatic-4,ir,snowflake,excl_any_overlap,2023-02-19,2023-02-19,range,55363.5,55386.5,14,2023-02-02,52967.0,7,43640.0,7,48303.5,48328.5,52724.0,52735.0,1,1,42812.0,13,14,True,False,-4.77,-0.46,9.15,"bracket(pre7,post7)",9.15,9.12,9.1,9.17,-22.67,0,2,4,0
IR-sstatic-4,ir,snowflake,excl_multi_source,2023-02-19,2023-02-19,range,55217.0,55242.0,14,2023-02-03,52725.0,7,43640.0,7,48182.5,48213.0,52724.0,52735.0,1,1,42519.5,14,14,True,False,-4.51,-0.0,9.43,"bracket(pre7,post7)",9.43,9.38,9.36,9.45,-23.0,0,2,0,0
IR-sstatic-5,ir,snowflake,none,2023-02-22,2023-02-22,range,52846.0,52861.5,14,2023-02-06,51570.0,7,42227.0,7,46898.5,47314.0,42812.0,43680.0,1,1,40520.5,14,14,True,False,-18.99,-16.98,-8.71,"bracket(pre7,post7)",-8.71,-7.68,-9.52,-6.86,-23.32,0,2,0,0
IR-sstatic-5,ir,snowflake,excl_any_overlap,2023-02-22,2023-02-22,range,54026.0,54042.0,14,2023-02-05,51570.0,7,42227.0,7,46898.5,47314.0,42812.0,43680.0,1,1,39903.0,13,14,True,False,-20.76,-16.98,-8.71,"bracket(pre7,post7)",-8.71,-7.68,-9.52,-6.86,-26.14,0,2,4,0
IR-sstatic-5,ir,snowflake,excl_multi_source,2023-02-22,2023-02-22,range,52846.0,52861.5,14,2023-02-06,51570.0,7,42227.0,7,46898.5,47314.0,42812.0,43680.0,1,1,40520.5,14,14,True,False,-18.99,-16.98,-8.71,"bracket(pre7,post7)",-8.71,-7.68,-9.52,-6.86,-23.32,0,2,0,0
IR-sstatic-6,ir,snowflake,none,2023-03-03,2023-03-03,range,43411.5,43664.0,14,2023-02-17,41864.0,7,36556.0,7,39210.0,39253.5,39154.0,39162.0,1,1,36556.0,13,14,True,False,-9.81,-6.47,-0.14,"bracket(pre7,post7)",-0.14,-0.23,-0.25,-0.12,-15.79,1,2,0,0
IR-sstatic-6,ir,snowflake,excl_any_overlap,2023-03-03,2023-03-03,range,44234.0,44261.0,14,2023-02-14,42227.0,7,36556.0,7,39391.5,39806.0,39154.0,39162.0,1,1,36666.0,11,14,True,False,-11.48,-7.28,-0.6,"bracket(pre7,post7)",-0.6,-1.62,-1.64,-0.58,-17.11,1,2,4,0
IR-sstatic-6,ir,snowflake,excl_multi_source,2023-03-03,2023-03-03,range,43411.5,43664.0,14,2023-02-17,41864.0,7,36556.0,7,39210.0,39253.5,39154.0,39162.0,1,1,36611.0,12,14,True,False,-9.81,-6.47,-0.14,"bracket(pre7,post7)",-0.14,-0.23,-0.25,-0.12,-15.67,1,2,1,0
IR-sstatic-7,ir,snowflake,none,2023-03-08,2023-03-08,range,41501.0,41580.0,14,2023-02-22,36759.0,7,34342.0,7,35550.5,36255.0,36666.0,36741.0,1,1,36873.0,13,14,True,False,-11.65,-0.25,3.14,"bracket(pre7,post7)",3.14,1.34,1.13,3.35,-11.15,1,2,0,0
IR-sstatic-7,ir,snowflake,excl_any_overlap,2023-03-08,2023-03-08,range,42045.5,42495.5,14,2023-02-21,36759.0,7,36753.0,7,36756.0,37111.0,36666.0,36741.0,1,1,37247.0,11,14,True,False,-12.79,-0.25,-0.24,"bracket(pre7,post7)",-0.24,-1.0,-1.2,-0.04,-11.41,1,2,4,0
IR-sstatic-7,ir,snowflake,excl_multi_source,2023-03-08,2023-03-08,range,41501.0,41580.0,14,2023-02-22,36759.0,7,35267.0,7,36013.0,36399.0,36666.0,36741.0,1,1,37060.0,12,14,True,False,-11.65,-0.25,1.81,"bracket(pre7,post7)",1.81,0.94,0.73,2.02,-10.7,1,2,1,0
IR-sstatic-8,ir,snowflake,none,2023-03-13,2023-03-13,range,36741.5,37112.5,14,2023-02-26,36484.0,7,37247.0,7,36865.5,36877.0,36873.0,36882.0,1,1,40930.0,14,14,True,False,0.36,1.07,0.02,"bracket(pre7,post7)",0.02,0.01,-0.01,0.04,11.4,1,1,0,0
IR-sstatic-8,ir,snowflake,excl_any_overlap,2023-03-13,2023-03-13,range,37956.5,38310.0,14,2023-02-24,36556.0,7,37291.0,7,36923.5,36933.0,36873.0,36882.0,1,1,41162.0,13,14,True,False,-2.85,0.87,-0.14,"bracket(pre7,post7)",-0.14,-0.14,-0.16,-0.11,8.45,1,1,4,0
IR-sstatic-8,ir,snowflake,excl_multi_source,2023-03-13,2023-03-13,range,37956.5,38310.0,14,2023-02-25,36556.0,7,37247.0,7,36901.5,36910.5,36873.0,36882.0,1,1,40930.0,14,14,True,False,-2.85,0.87,-0.08,"bracket(pre7,post7)",-0.08,-0.08,-0.1,-0.05,7.83,1,1,1,0
IR-sstatic-9,ir,snowflake,none,2023-03-19,2023-03-19,range,36611.0,36652.5,14,2023-03-04,36753.0,7,42373.0,7,39563.0,39574.0,37777.0,37797.0,1,1,41842.0,14,14,True,False,3.18,2.79,-4.51,"bracket(pre7,post7)",-4.51,-4.49,-4.54,-4.46,14.29,1,0,0,0
IR-sstatic-9,ir,snowflake,excl_any_overlap,2023-03-19,2023-03-19,range,36738.5,36765.5,14,2023-03-02,36753.0,7,42373.0,7,39563.0,39574.0,37777.0,37797.0,1,1,41842.0,14,14,True,False,2.83,2.79,-4.51,"bracket(pre7,post7)",-4.51,-4.49,-4.54,-4.46,13.89,1,0,3,0
IR-sstatic-9,ir,snowflake,excl_multi_source,2023-03-19,2023-03-19,range,36709.5,36752.5,14,2023-03-03,36753.0,7,42373.0,7,39563.0,39574.0,37777.0,37797.0,1,1,41842.0,14,14,True,False,2.91,2.79,-4.51,"bracket(pre7,post7)",-4.51,-4.49,-4.54,-4.46,13.98,1,0,1,0
CN-front-2023-05,cn,snowflake,none,2023-05-12,2023-05-14,range,1988.5,2000.5,14,2023-04-28,2246.0,7,2108.0,7,2177.0,2189.0,1174.0,1186.0,3,3,2391.0,14,14,True,False,-40.96,-47.73,-46.07,"bracket(pre7,post7)",-46.07,-45.82,-46.37,-45.52,20.24,0,0,0,0
CN-front-2023-05,cn,snowflake,excl_any_overlap,2023-05-12,2023-05-14,range,1988.5,2000.5,14,2023-04-28,2246.0,7,2108.0,7,2177.0,2189.0,1174.0,1186.0,3,3,2391.0,14,14,True,False,-40.96,-47.73,-46.07,"bracket(pre7,post7)",-46.07,-45.82,-46.37,-45.52,20.24,0,0,0,0
CN-front-2023-05,cn,snowflake,excl_multi_source,2023-05-12,2023-05-14,range,1988.5,2000.5,14,2023-04-28,2246.0,7,2108.0,7,2177.0,2189.0,1174.0,1186.0,3,3,2391.0,14,14,True,False,-40.96,-47.73,-46.07,"bracket(pre7,post7)",-46.07,-45.82,-46.37,-45.52,20.24,0,0,0,0
TM-front-2021-10,tm,snowflake,none,2021-10-24,2021-10-30,point (+7 d),28.0,28.0,14,2021-10-10,28.0,7,,0,,,2.0,3.0,5,7,0.0,2,14,True,True,-92.86,-92.86,,pre14,-92.86,-89.29,-92.86,-89.29,,14,0,0,0
TM-front-2021-10,tm,snowflake,excl_any_overlap,2021-10-24,2021-10-30,point (+7 d),28.0,28.0,14,2021-10-10,28.0,7,,0,,,2.0,3.0,5,7,0.0,2,14,True,True,-92.86,-92.86,,pre14,-92.86,-89.29,-92.86,-89.29,,14,0,0,0
TM-front-2021-10,tm,snowflake,excl_multi_source,2021-10-24,2021-10-30,point (+7 d),28.0,28.0,14,2021-10-10,28.0,7,,0,,,2.0,3.0,5,7,0.0,2,14,True,True,-92.86,-92.86,,pre14,-92.86,-89.29,-92.86,-89.29,,14,0,0,0
IR-rdvTLS-2022-10,ir,snowflake,none,2022-10-04,2022-10-10,point (+7 d),3304.5,3304.5,14,2022-09-17,16014.0,7,,0,,,12770.0,12780.0,7,7,10333.0,14,14,True,False,286.44,-20.26,,pre14,286.44,286.75,286.44,286.75,212.69,1,2,0,0
IR-rdvTLS-2022-10,ir,snowflake,excl_any_overlap,2022-10-04,2022-10-10,point (+7 d),88.0,89.0,12,2022-09-07,88.0,6,,0,,,13469.0,13476.5,6,7,10357.0,9,14,True,True,15205.68,15205.68,,pre14,15205.68,15042.13,15033.71,15214.2,11669.32,1,2,21,0
IR-rdvTLS-2022-10,ir,snowflake,excl_multi_source,2022-10-04,2022-10-10,point (+7 d),2821.0,2821.5,14,2022-09-16,6795.0,7,,0,,,12770.0,12780.0,7,7,10333.0,14,14,True,False,352.68,87.93,,pre14,352.68,352.95,352.6,353.03,266.29,1,2,1,0
RU-2021-12-01,ru,snowflake,none,2021-12-01,2021-12-07,point (+7 d),325.5,326.0,14,2021-11-17,338.0,7,,0,,,655.0,655.0,7,7,1938.0,13,14,True,False,101.23,93.79,,pre14,101.23,100.92,100.92,101.23,495.39,1,0,0,0
RU-2021-12-01,ru,snowflake,excl_any_overlap,2021-12-01,2021-12-07,point (+7 d),325.5,326.0,14,2021-11-17,338.0,7,,0,,,655.0,655.0,7,7,1938.0,13,14,True,False,101.23,93.79,,pre14,101.23,100.92,100.92,101.23,495.39,1,0,0,0
RU-2021-12-01,ru,snowflake,excl_multi_source,2021-12-01,2021-12-07,point (+7 d),325.5,326.0,14,2021-11-17,338.0,7,,0,,,655.0,655.0,7,7,1938.0,13,14,True,False,101.23,93.79,,pre14,101.23,100.92,100.92,101.23,495.39,1,0,0,0
RU-DTLS-2024-11,ru,snowflake,none,2024-11-06,2024-11-21,range,11655.5,11666.0,14,2024-10-21,12069.0,7,9217.0,7,10643.0,10653.5,8377.0,8385.5,16,16,9350.0,14,14,True,False,-28.13,-30.59,-21.29,"bracket(pre7,post7)",-21.29,-21.29,-21.37,-21.21,-19.78,2,0,0,0
RU-DTLS-2024-11,ru,snowflake,excl_any_overlap,2024-11-06,2024-11-21,range,11655.5,11666.0,14,2024-10-21,12069.0,7,9217.0,7,10643.0,10653.5,8441.0,8451.0,15,16,9350.0,14,14,True,False,-27.58,-30.06,-20.69,"bracket(pre7,post7)",-20.69,-20.67,-20.77,-20.6,-19.78,2,0,1,0
RU-DTLS-2024-11,ru,snowflake,excl_multi_source,2024-11-06,2024-11-21,range,11655.5,11666.0,14,2024-10-21,12069.0,7,9217.0,7,10643.0,10653.5,8377.0,8385.5,16,16,9350.0,14,14,True,False,-28.13,-30.59,-21.29,"bracket(pre7,post7)",-21.29,-21.29,-21.37,-21.21,-19.78,2,0,0,0
RU-DTLS-2026-03-03(timeline),ru,snowflake,none,2026-03-03,2026-03-09,point (+7 d),21491.0,21492.5,14,2026-02-17,21620.0,7,,0,,,22556.5,22560.5,6,7,25847.0,14,14,True,False,4.96,4.33,,pre14,4.96,4.97,4.95,4.98,20.27,0,1,0,0
RU-DTLS-2026-03-03(timeline),ru,snowflake,excl_any_overlap,2026-03-03,2026-03-09,point (+7 d),21325.0,21326.5,14,2026-02-16,21620.0,7,,0,,,22556.5,22560.5,6,7,25330.0,13,14,True,False,5.77,4.33,,pre14,5.77,5.79,5.77,5.79,18.78,0,1,2,0
RU-DTLS-2026-03-03(timeline),ru,snowflake,excl_multi_source,2026-03-03,2026-03-09,point (+7 d),21491.0,21492.5,14,2026-02-17,21620.0,7,,0,,,22556.5,22560.5,6,7,25847.0,14,14,True,False,4.96,4.33,,pre14,4.96,4.97,4.95,4.98,20.27,0,1,0,0
RU-DTLS-2026-03-30(#603),ru,snowflake,none,2026-03-30,2026-04-05,point (+7 d),26995.0,27003.0,14,2026-03-15,27596.0,7,,0,,,17719.5,17722.0,4,7,15274.0,3,14,True,False,-34.36,-35.79,,pre14,-34.36,-34.37,-34.38,-34.35,,13,3,0,0
RU-DTLS-2026-03-30(#603),ru,snowflake,excl_any_overlap,2026-03-30,2026-04-05,point (+7 d),26818.0,26828.5,14,2026-03-14,27094.0,7,,0,,,17719.5,17722.0,4,7,15274.0,3,14,True,False,-33.93,-34.6,,pre14,-33.93,-33.94,-33.95,-33.92,,13,3,1,0
RU-DTLS-2026-03-30(#603),ru,snowflake,excl_multi_source,2026-03-30,2026-04-05,point (+7 d),26995.0,27003.0,14,2026-03-15,27596.0,7,,0,,,17719.5,17722.0,4,7,15274.0,3,14,True,False,-34.36,-35.79,,pre14,-34.36,-34.37,-34.38,-34.35,,13,3,0,0
Fastly-2024-03-01,ru,snowflake,none,2024-03-01,2024-03-07,point (+7 d),9719.5,9762.5,14,2024-02-16,10228.0,7,,0,,,2119.0,2159.0,7,7,3301.0,10,14,True,False,-78.2,-79.28,,pre14,-78.2,-77.88,-78.29,-77.79,-66.04,3,1,0,0
Fastly-2024-03-01,ru,snowflake,excl_any_overlap,2024-03-01,2024-03-07,point (+7 d),9719.5,9762.5,14,2024-02-16,10228.0,7,,0,,,2119.0,2159.0,7,7,3301.0,10,14,True,False,-78.2,-79.28,,pre14,-78.2,-77.88,-78.29,-77.79,-66.04,3,1,0,0
Fastly-2024-03-01,ru,snowflake,excl_multi_source,2024-03-01,2024-03-07,point (+7 d),9719.5,9762.5,14,2024-02-16,10228.0,7,,0,,,2119.0,2159.0,7,7,3301.0,10,14,True,False,-78.2,-79.28,,pre14,-78.2,-77.88,-78.29,-77.79,-66.04,3,1,0,0
Fastly-2024-03-01,ir,snowflake,none,2024-03-01,2024-03-07,point (+7 d),26223.5,26272.0,14,2024-02-16,26161.0,7,,0,,,23850.0,23894.0,7,7,23557.5,10,14,True,False,-9.05,-8.83,,pre14,-9.05,-9.05,-9.22,-8.88,-10.17,3,1,0,0
Fastly-2024-03-01,ir,snowflake,excl_any_overlap,2024-03-01,2024-03-07,point (+7 d),26425.5,26440.0,14,2024-02-14,26161.0,7,,0,,,23788.5,23827.0,4,7,23625.0,9,14,True,False,-9.98,-9.07,,pre14,-9.98,-9.88,-10.03,-9.83,-10.6,3,1,9,0
Fastly-2024-03-01,ir,snowflake,excl_multi_source,2024-03-01,2024-03-07,point (+7 d),26223.5,26272.0,14,2024-02-16,26161.0,7,,0,,,23850.0,23894.0,7,7,23557.5,10,14,True,False,-9.05,-8.83,,pre14,-9.05,-9.05,-9.22,-8.88,-10.17,3,1,0,0
Fastly-2024-03-01,cn,snowflake,none,2024-03-01,2024-03-07,point (+7 d),1139.0,1191.5,14,2024-02-16,1159.0,7,,0,,,105.0,134.0,7,7,549.0,10,14,True,False,-90.78,-90.94,,pre14,-90.78,-88.75,-91.19,-88.24,-51.8,3,1,0,0
Fastly-2024-03-01,cn,snowflake,excl_any_overlap,2024-03-01,2024-03-07,point (+7 d),1139.0,1191.5,14,2024-02-16,1159.0,7,,0,,,105.0,134.0,7,7,549.0,10,14,True,False,-90.78,-90.94,,pre14,-90.78,-88.75,-91.19,-88.24,-51.8,3,1,0,0
Fastly-2024-03-01,cn,snowflake,excl_multi_source,2024-03-01,2024-03-07,point (+7 d),1139.0,1191.5,14,2024-02-16,1159.0,7,,0,,,105.0,134.0,7,7,549.0,10,14,True,False,-90.78,-90.94,,pre14,-90.78,-88.75,-91.19,-88.24,-51.8,3,1,0,0
Fastly-2024-03-01,tm,snowflake,none,2024-03-01,2024-03-07,point (+7 d),0.5,2.0,14,2024-02-16,1.0,7,,0,,,0.0,1.0,7,7,1.0,10,14,True,True,-100.0,-100.0,,pre14,-100.0,-50.0,-100.0,100.0,100.0,3,1,0,0
Fastly-2024-03-01,tm,snowflake,excl_any_overlap,2024-03-01,2024-03-07,point (+7 d),0.5,2.0,14,2024-02-16,1.0,7,,0,,,0.0,1.5,6,7,1.0,10,14,True,True,-100.0,-100.0,,pre14,-100.0,-25.0,-100.0,200.0,100.0,3,1,2,0
Fastly-2024-03-01,tm,snowflake,excl_multi_source,2024-03-01,2024-03-07,point (+7 d),0.5,2.0,14,2024-02-16,1.0,7,,0,,,0.0,1.0,7,7,1.0,10,14,True,True,-100.0,-100.0,,pre14,-100.0,-50.0,-100.0,100.0,100.0,3,1,0,0
FrontDNS-2023-09-20,ru,snowflake,none,2023-09-20,2023-09-26,point (+7 d),8791.5,8797.0,14,2023-09-03,8794.0,7,,0,,,1309.5,1361.0,2,7,1325.0,13,14,False,False,,,,pre14,,,,,,7,2,0,0
FrontDNS-2023-09-20,ru,snowflake,excl_any_overlap,2023-09-20,2023-09-26,point (+7 d),8791.5,8797.0,14,2023-09-03,8794.0,7,,0,,,1309.5,1361.0,2,7,1325.0,13,14,False,False,,,,pre14,,,,,,7,2,0,0
FrontDNS-2023-09-20,ru,snowflake,excl_multi_source,2023-09-20,2023-09-26,point (+7 d),8791.5,8797.0,14,2023-09-03,8794.0,7,,0,,,1309.5,1361.0,2,7,1325.0,13,14,False,False,,,,pre14,,,,,,7,2,0,0
FrontDNS-2023-09-20,ir,snowflake,none,2023-09-20,2023-09-26,point (+7 d),28748.5,28754.0,14,2023-09-03,27847.0,7,,0,,,21559.0,21572.0,2,7,14748.0,13,14,False,False,,,,pre14,,,,,,7,2,0,0
FrontDNS-2023-09-20,ir,snowflake,excl_any_overlap,2023-09-20,2023-09-26,point (+7 d),32644.0,32649.0,11,2023-08-24,31822.0,6,,0,,,,,0,7,,0,14,False,False,,,,pre14,,,,,,7,2,31,0
FrontDNS-2023-09-20,ir,snowflake,excl_multi_source,2023-09-20,2023-09-26,point (+7 d),30790.0,30796.0,14,2023-08-30,27847.0,7,,0,,,,,0,7,17864.5,10,14,False,False,,,,pre14,,,,,,7,2,9,0
FrontDNS-2023-09-20,cn,snowflake,none,2023-09-20,2023-09-26,point (+7 d),2848.5,2854.0,14,2023-09-03,2595.0,7,,0,,,57.5,104.0,2,7,162.0,13,14,False,False,,,,pre14,,,,,,7,2,0,0
FrontDNS-2023-09-20,cn,snowflake,excl_any_overlap,2023-09-20,2023-09-26,point (+7 d),2662.5,2668.0,2,2023-09-10,2662.5,2,,0,,,,,0,7,120.0,4,14,False,False,,,,pre14,,,,,,7,2,35,0
FrontDNS-2023-09-20,cn,snowflake,excl_multi_source,2023-09-20,2023-09-26,point (+7 d),2848.5,2854.0,14,2023-09-03,2595.0,7,,0,,,57.5,104.0,2,7,162.0,13,14,False,False,,,,pre14,,,,,,7,2,0,0
DNSSEC-2025-09-20,ru,snowflake,none,2025-09-20,2025-09-21,range,9944.0,9952.0,14,2025-09-05,9873.0,7,13784.0,7,11828.5,11838.0,10510.5,10520.5,2,2,14084.5,14,14,True,False,5.7,6.46,-11.14,"bracket(pre7,post7)",-11.14,-11.13,-11.21,-11.06,41.64,0,1,0,0
DNSSEC-2025-09-20,ru,snowflake,excl_any_overlap,2025-09-20,2025-09-21,range,9944.0,9952.0,14,2025-09-05,9873.0,7,13784.0,7,11828.5,11838.0,10510.5,10520.5,2,2,14084.5,14,14,True,False,5.7,6.46,-11.14,"bracket(pre7,post7)",-11.14,-11.13,-11.21,-11.06,41.64,0,1,0,0
DNSSEC-2025-09-20,ru,snowflake,excl_multi_source,2025-09-20,2025-09-21,range,9944.0,9952.0,14,2025-09-05,9873.0,7,13784.0,7,11828.5,11838.0,10510.5,10520.5,2,2,14084.5,14,14,True,False,5.7,6.46,-11.14,"bracket(pre7,post7)",-11.14,-11.13,-11.21,-11.06,41.64,0,1,0,0
DNSSEC-2025-09-20,ir,snowflake,none,2025-09-20,2025-09-21,range,4236.5,4245.0,14,2025-09-05,4295.0,7,5723.0,7,5009.0,5019.0,4386.5,4396.0,2,2,5758.0,14,14,True,False,3.54,2.13,-12.43,"bracket(pre7,post7)",-12.43,-12.41,-12.6,-12.24,35.91,0,1,0,0
DNSSEC-2025-09-20,ir,snowflake,excl_any_overlap,2025-09-20,2025-09-21,range,4294.0,4303.0,14,2025-09-01,4295.0,7,5723.0,7,5009.0,5019.0,4386.5,4396.0,2,2,5758.0,14,14,True,False,2.15,2.13,-12.43,"bracket(pre7,post7)",-12.43,-12.41,-12.6,-12.24,34.09,0,1,4,0
DNSSEC-2025-09-20,ir,snowflake,excl_multi_source,2025-09-20,2025-09-21,range,4236.5,4245.0,14,2025-09-05,4295.0,7,5723.0,7,5009.0,5019.0,4386.5,4396.0,2,2,5758.0,14,14,True,False,3.54,2.13,-12.43,"bracket(pre7,post7)",-12.43,-12.41,-12.6,-12.24,35.91,0,1,0,0
DNSSEC-2025-09-20,cn,snowflake,none,2025-09-20,2025-09-21,range,1006.0,1015.0,14,2025-09-05,994.0,7,1272.0,7,1133.0,1143.0,976.5,986.0,2,2,1205.0,14,14,True,False,-2.93,-1.76,-13.81,"bracket(pre7,post7)",-13.81,-13.74,-14.57,-12.97,19.78,0,1,0,0
DNSSEC-2025-09-20,cn,snowflake,excl_any_overlap,2025-09-20,2025-09-21,range,1006.0,1015.0,14,2025-09-05,994.0,7,1272.0,7,1133.0,1143.0,976.5,986.0,2,2,1205.0,14,14,True,False,-2.93,-1.76,-13.81,"bracket(pre7,post7)",-13.81,-13.74,-14.57,-12.97,19.78,0,1,0,0
DNSSEC-2025-09-20,cn,snowflake,excl_multi_source,2025-09-20,2025-09-21,range,1006.0,1015.0,14,2025-09-05,994.0,7,1272.0,7,1133.0,1143.0,976.5,986.0,2,2,1205.0,14,14,True,False,-2.93,-1.76,-13.81,"bracket(pre7,post7)",-13.81,-13.74,-14.57,-12.97,19.78,0,1,0,0
DNSSEC-2025-09-20,tm,snowflake,none,2025-09-20,2025-09-21,range,4017.0,4025.5,14,2025-09-05,4018.0,7,3178.0,7,3598.0,3608.0,3745.5,3755.0,2,2,3036.5,14,14,True,False,-6.76,-6.78,4.1,"bracket(pre7,post7)",4.1,4.07,3.81,4.36,-24.41,0,1,0,0
DNSSEC-2025-09-20,tm,snowflake,excl_any_overlap,2025-09-20,2025-09-21,range,4010.0,4018.5,14,2025-09-04,4018.0,7,3178.0,7,3598.0,3608.0,3745.5,3755.0,2,2,3036.5,14,14,True,False,-6.6,-6.78,4.1,"bracket(pre7,post7)",4.1,4.07,3.81,4.36,-24.28,0,1,1,0
DNSSEC-2025-09-20,tm,snowflake,excl_multi_source,2025-09-20,2025-09-21,range,4017.0,4025.5,14,2025-09-05,4018.0,7,3178.0,7,3598.0,3608.0,3745.5,3755.0,2,2,3036.5,14,14,True,False,-6.76,-6.78,4.1,"bracket(pre7,post7)",4.1,4.07,3.81,4.36,-24.41,0,1,0,0
