event_id,country,transport,pre_low,during_low,primary_estimator,chg_primary_low_pct,chg_vs_pre14_low_pct,chg_post14_vs_pre14_low_pct,evaluable
IR-sstatic-1,ir,obfs4,7377.0,6984.0,"bracket(pre7,post7)",6.72,-5.33,-19.75,True
IR-sstatic-1,ir,webtunnel,,,pre14,,,,False
IR-sstatic-1,ir,meek,528.0,951.0,"bracket(pre7,post7)",31.35,80.11,28.12,True
IR-sstatic-1,ir,<OR>,123.5,138.0,"bracket(pre7,post7)",9.09,11.74,31.58,True
IR-sstatic-2,ir,obfs4,6472.0,5746.0,"bracket(pre7,post7)",-3.36,-11.22,-15.22,True
IR-sstatic-2,ir,webtunnel,,,pre14,,,,False
IR-sstatic-2,ir,meek,860.5,676.5,"bracket(pre7,post7)",13.41,-21.38,-66.07,True
IR-sstatic-2,ir,<OR>,142.0,138.0,"bracket(pre7,post7)",-27.75,-2.82,23.94,True
IR-sstatic-3,ir,obfs4,5920.0,5368.0,"bracket(pre7,post7)",-4.35,-9.32,-7.38,True
IR-sstatic-3,ir,webtunnel,,,pre14,,,,False
IR-sstatic-3,ir,meek,593.5,254.5,"bracket(pre7,post7)",-12.84,-57.12,-54.34,True
IR-sstatic-3,ir,<OR>,162.5,167.5,"bracket(pre7,post7)",-5.1,3.08,-8.31,True
IR-sstatic-4,ir,obfs4,5541.5,5393.0,"bracket(pre7,post7)",-3.58,-2.68,-1.18,True
IR-sstatic-4,ir,webtunnel,,,pre14,,,,False
IR-sstatic-4,ir,meek,259.0,258.0,"bracket(pre7,post7)",-2.82,-0.39,13.51,True
IR-sstatic-4,ir,<OR>,174.0,202.0,"bracket(pre7,post7)",25.86,16.09,-22.41,True
IR-sstatic-5,ir,obfs4,5480.5,5774.0,"bracket(pre7,post7)",6.95,5.36,1.97,True
IR-sstatic-5,ir,webtunnel,,,pre14,,,,False
IR-sstatic-5,ir,meek,257.5,297.0,"bracket(pre7,post7)",8.59,15.34,12.82,True
IR-sstatic-5,ir,<OR>,174.0,150.0,"bracket(pre7,post7)",6.01,-13.79,-23.28,True
IR-sstatic-6,ir,obfs4,5444.0,5469.0,"bracket(pre7,post7)",-1.21,0.46,-15.09,True
IR-sstatic-6,ir,webtunnel,,,pre14,,,,False
IR-sstatic-6,ir,meek,289.5,280.0,"bracket(pre7,post7)",-2.61,-3.28,-5.35,True
IR-sstatic-6,ir,<OR>,135.0,70.0,"bracket(pre7,post7)",-44.66,-48.15,-3.33,True
IR-sstatic-7,ir,obfs4,5717.5,5350.0,"bracket(pre7,post7)",9.18,-6.43,-35.94,True
IR-sstatic-7,ir,webtunnel,,,pre14,,,,False
IR-sstatic-7,ir,meek,294.0,276.0,"bracket(pre7,post7)",0.55,-6.12,-17.86,True
IR-sstatic-7,ir,<OR>,134.5,118.0,"bracket(pre7,post7)",-12.27,-12.27,-6.69,True
IR-sstatic-8,ir,obfs4,5377.5,4364.0,"bracket(pre7,post7)",-7.01,-18.85,-34.12,True
IR-sstatic-8,ir,webtunnel,,,pre14,,,,False
IR-sstatic-8,ir,meek,289.5,296.0,"bracket(pre7,post7)",14.95,2.25,-19.17,True
IR-sstatic-8,ir,<OR>,129.0,136.0,"bracket(pre7,post7)",9.68,5.43,-4.26,True
IR-sstatic-9,ir,obfs4,4622.5,3535.0,"bracket(pre7,post7)",-3.44,-23.53,-32.82,True
IR-sstatic-9,ir,webtunnel,,,pre14,,,,False
IR-sstatic-9,ir,meek,274.0,231.0,"bracket(pre7,post7)",-3.95,-15.69,-18.07,True
IR-sstatic-9,ir,<OR>,127.0,126.0,"bracket(pre7,post7)",-0.79,-0.79,-7.09,True
CN-front-2023-05,cn,obfs4,1437.0,1547.0,"bracket(pre7,post7)",49.69,7.65,-41.89,True
CN-front-2023-05,cn,webtunnel,,,pre14,,,,False
CN-front-2023-05,cn,meek,308.0,265.0,"bracket(pre7,post7)",-28.95,-13.96,25.81,True
CN-front-2023-05,cn,<OR>,20.0,28.0,"bracket(pre7,post7)",33.33,40.0,-12.5,True
TM-front-2021-10,tm,obfs4,175.5,222.0,pre14,26.5,26.5,2.85,True
TM-front-2021-10,tm,webtunnel,,,pre14,,,,False
TM-front-2021-10,tm,meek,33.5,104.0,pre14,210.45,210.45,379.1,True
TM-front-2021-10,tm,<OR>,3.0,5.0,pre14,66.67,66.67,66.67,True
IR-rdvTLS-2022-10,ir,obfs4,1426.0,18282.5,pre14,1182.08,1182.08,424.47,True
IR-rdvTLS-2022-10,ir,webtunnel,,,pre14,,,,False
IR-rdvTLS-2022-10,ir,meek,145.0,0.0,pre14,-100.0,-100.0,-100.0,True
IR-rdvTLS-2022-10,ir,<OR>,73.0,288.5,pre14,295.21,295.21,301.37,True
RU-2021-12-01,ru,obfs4,12587.5,14899.0,pre14,18.36,18.36,109.58,True
RU-2021-12-01,ru,webtunnel,,,pre14,,,,False
RU-2021-12-01,ru,meek,443.0,756.0,pre14,70.65,70.65,628.67,True
RU-2021-12-01,ru,<OR>,139.0,283.0,pre14,103.6,103.6,407.91,True
RU-DTLS-2024-11,ru,obfs4,42487.5,43990.0,"bracket(pre7,post7)",2.79,3.54,2.96,True
RU-DTLS-2024-11,ru,webtunnel,1347.0,1511.0,"bracket(pre7,post7)",2.3,12.18,17.93,True
RU-DTLS-2024-11,ru,meek,699.0,738.0,"bracket(pre7,post7)",7.97,5.58,-3.58,True
RU-DTLS-2024-11,ru,<OR>,3062.5,2742.0,"bracket(pre7,post7)",-0.11,-10.47,-23.95,True
RU-DTLS-2026-03-03(timeline),ru,obfs4,45661.5,46037.0,pre14,0.82,0.82,6.84,True
RU-DTLS-2026-03-03(timeline),ru,webtunnel,13357.5,13970.0,pre14,4.59,4.59,10.12,True
RU-DTLS-2026-03-03(timeline),ru,meek,131.5,557.5,pre14,323.95,323.95,476.81,True
RU-DTLS-2026-03-03(timeline),ru,<OR>,3655.5,3619.5,pre14,-0.98,-0.98,3.98,True
RU-DTLS-2026-03-30(#603),ru,obfs4,49025.0,48766.0,pre14,-0.53,-0.53,,True
RU-DTLS-2026-03-30(#603),ru,webtunnel,15274.0,19016.0,pre14,24.5,24.5,,True
RU-DTLS-2026-03-30(#603),ru,meek,912.5,2730.0,pre14,199.18,199.18,,True
RU-DTLS-2026-03-30(#603),ru,<OR>,4385.5,5550.0,pre14,26.55,26.55,,True
Fastly-2024-03-01,ru,obfs4,34961.5,36358.0,pre14,3.99,3.99,5.66,True
Fastly-2024-03-01,ru,webtunnel,64.0,121.0,pre14,89.06,89.06,103.12,True
Fastly-2024-03-01,ru,meek,207.0,903.0,pre14,336.23,336.23,174.15,True
Fastly-2024-03-01,ru,<OR>,4060.5,4545.0,pre14,11.93,11.93,9.36,True
Fastly-2024-03-01,ir,obfs4,2671.0,2895.5,pre14,8.41,8.41,-8.85,True
Fastly-2024-03-01,ir,webtunnel,306.5,311.0,pre14,1.47,1.47,-2.12,True
Fastly-2024-03-01,ir,meek,109.5,167.0,pre14,52.51,52.51,-8.22,True
Fastly-2024-03-01,ir,<OR>,87.0,84.0,pre14,-3.45,-3.45,-2.3,True
Fastly-2024-03-01,cn,obfs4,282.0,287.0,pre14,1.77,1.77,15.96,True
Fastly-2024-03-01,cn,webtunnel,128.0,137.0,pre14,7.03,7.03,5.47,True
Fastly-2024-03-01,cn,meek,828.5,1220.0,pre14,47.25,47.25,12.85,True
Fastly-2024-03-01,cn,<OR>,13.0,12.0,pre14,-7.69,-7.69,-15.38,True
Fastly-2024-03-01,tm,obfs4,333.0,450.5,pre14,35.29,35.29,41.44,True
Fastly-2024-03-01,tm,webtunnel,1.0,1.0,pre14,,,,False
Fastly-2024-03-01,tm,meek,111.5,85.0,pre14,-23.77,-23.77,-16.59,True
Fastly-2024-03-01,tm,<OR>,270.0,406.5,pre14,50.56,50.56,62.78,True
FrontDNS-2023-09-20,ru,obfs4,27496.0,26734.5,pre14,,,,False
FrontDNS-2023-09-20,ru,webtunnel,0.0,0.0,pre14,,,,False
FrontDNS-2023-09-20,ru,meek,0.0,0.0,pre14,,,,False
FrontDNS-2023-09-20,ru,<OR>,6239.0,6697.0,pre14,,,,False
FrontDNS-2023-09-20,ir,obfs4,3639.0,,pre14,,,,False
FrontDNS-2023-09-20,ir,webtunnel,,,pre14,,,,False
FrontDNS-2023-09-20,ir,meek,59.0,,pre14,,,,False
FrontDNS-2023-09-20,ir,<OR>,262.0,,pre14,,,,False
FrontDNS-2023-09-20,cn,obfs4,500.5,,pre14,,,,False
FrontDNS-2023-09-20,cn,webtunnel,,,pre14,,,,False
FrontDNS-2023-09-20,cn,meek,0.0,,pre14,,,,False
FrontDNS-2023-09-20,cn,<OR>,12.0,,pre14,,,,False
DNSSEC-2025-09-20,ru,obfs4,35330.0,34976.0,"bracket(pre7,post7)",-11.18,-1.0,27.37,True
DNSSEC-2025-09-20,ru,webtunnel,3642.5,4281.0,"bracket(pre7,post7)",-12.38,17.53,69.98,True
DNSSEC-2025-09-20,ru,meek,771.0,812.0,"bracket(pre7,post7)",-11.45,5.32,39.75,True
DNSSEC-2025-09-20,ru,<OR>,6059.0,4283.5,"bracket(pre7,post7)",-4.8,-29.3,-19.95,True
DNSSEC-2025-09-20,ir,obfs4,2884.0,2895.5,"bracket(pre7,post7)",-13.52,0.4,31.67,True
DNSSEC-2025-09-20,ir,webtunnel,107.0,135.5,"bracket(pre7,post7)",9.72,26.64,84.58,True
DNSSEC-2025-09-20,ir,meek,22.5,22.0,"bracket(pre7,post7)",-18.52,-2.22,8.89,True
DNSSEC-2025-09-20,ir,<OR>,28.5,47.5,"bracket(pre7,post7)",-15.93,66.67,161.4,True
DNSSEC-2025-09-20,cn,obfs4,21.0,30.5,"bracket(pre7,post7)",7.02,45.24,47.62,True
DNSSEC-2025-09-20,cn,webtunnel,415.5,412.5,"bracket(pre7,post7)",-14.42,-0.72,36.58,True
DNSSEC-2025-09-20,cn,meek,92.0,96.5,"bracket(pre7,post7)",-12.27,4.89,36.41,True
DNSSEC-2025-09-20,cn,<OR>,7.0,5.0,"bracket(pre7,post7)",-54.55,-28.57,107.14,True
DNSSEC-2025-09-20,tm,obfs4,564.5,603.0,"bracket(pre7,post7)",-4.89,6.82,23.65,True
DNSSEC-2025-09-20,tm,webtunnel,317.5,351.5,"bracket(pre7,post7)",-1.82,10.71,15.59,True
DNSSEC-2025-09-20,tm,meek,0.0,0.0,"bracket(pre7,post7)",,,,True
DNSSEC-2025-09-20,tm,<OR>,141.0,149.5,"bracket(pre7,post7)",-30.63,6.03,27.66,True
