event_id,country,actor,layer,start,during_end,window_kind,evaluable,small_baseline,primary_estimator,chg_primary_low_pct,chg_primary_high_pct,chg_primary_bound_min_pct,chg_primary_bound_max_pct,placebo_pctile,placebo_p05,placebo_p95,placebo_n,chg_vs_pre14_low_pct,chg_vs_pre7_low_pct,chg_vs_bracket_low_pct,chg_post14_vs_pre14_low_pct,pre_low,pre_high,pre_valid_days,pre_first_day_used,pre7_low,pre7_valid_days,post7_low,post7_valid_days,bracket_low,bracket_high,during_low,during_high,during_valid_days,during_days,post_low,post_valid_days,post_days,days_missing,days_excluded_frac,days_excluded_shutdown,days_excluded_other_events,exclusion_rule,transport,description,source,obfs4_chg_primary_low_pct,snowflake_minus_obfs4_pp
IR-sstatic-1,ir,censor,rendezvous name (front domain cdn.sstatic.net),2023-01-16,2023-01-24,range,True,False,"bracket(pre7,post7)",-9.55,-9.54,-9.58,-9.5,4.2,-7.0,7.9,192.0,0.81,-8.59,-9.55,12.44,53484.5,53506.5,14,2022-12-24,58982.0,7,60232.0,7,59607.0,59632.5,53917.0,53942.0,7,9,60135.5,12,14,7,2,2,2,excl_primary,snowflake,cdn.sstatic.net (front used by Snowflake and Moat) blocked in some ISPs in Iran,Tor Metrics timeline; net4people/bbs #197,6.72,-16.26
IR-sstatic-2,ir,censor,rendezvous name (front domain cdn.sstatic.net),2023-01-31,2023-02-01,range,True,False,"bracket(pre7,post7)",0.2,0.2,0.15,0.24,52.6,-8.0,8.4,230.0,-2.58,-1.62,0.2,-5.08,61878.5,61904.5,10,2023-01-07,61277.0,7,59051.0,7,60164.0,60189.5,60282.0,60309.5,2,2,58737.0,9,14,7,3,2,13,excl_primary,snowflake,cdn.sstatic.net (front used by Snowflake and Moat) blocked in some ISPs in Iran,Tor Metrics timeline; net4people/bbs #197,-3.36,3.55
IR-sstatic-3,ir,censor,rendezvous name (front domain cdn.sstatic.net),2023-02-10,2023-02-13,range,True,False,"bracket(pre7,post7)",0.58,0.58,0.54,0.62,58.0,-7.4,7.3,219.0,-8.3,-6.62,0.58,-21.89,60135.5,60162.0,14,2023-01-15,59051.0,7,50605.0,7,54828.0,54850.5,55144.5,55168.0,4,4,46971.0,11,14,2,2,2,13,excl_primary,snowflake,cdn.sstatic.net (front used by Snowflake and Moat) blocked in some ISPs in Iran,Tor Metrics timeline; net4people/bbs #197,-4.35,4.93
IR-sstatic-4,ir,censor,rendezvous name (front domain cdn.sstatic.net),2023-02-19,2023-02-19,range,True,False,"bracket(pre7,post7)",9.15,9.15,9.13,9.17,96.1,-9.5,8.5,254.0,-10.48,-0.46,9.15,-27.49,58894.0,58917.5,14,2023-01-28,52967.0,7,43640.0,7,48303.5,48312.5,52724.0,52735.0,1,1,42705.0,12,14,0,2,0,11,excl_primary,snowflake,cdn.sstatic.net (front used by Snowflake and Moat) blocked in some ISPs in Iran,Tor Metrics timeline; net4people/bbs #197,-3.58,12.73
IR-sstatic-5,ir,censor,rendezvous name (front domain cdn.sstatic.net),2023-02-22,2023-02-22,range,True,False,"bracket(pre7,post7)",-8.71,-7.68,-9.52,-6.86,6.7,-9.6,9.0,269.0,-24.24,-16.98,-8.71,-26.56,56509.0,56532.0,14,2023-01-30,51570.0,7,42227.0,7,46898.5,47314.0,42812.0,43680.0,1,1,41501.0,12,14,0,2,0,9,excl_primary,snowflake,cdn.sstatic.net (front used by Snowflake and Moat) blocked in some ISPs in Iran,Tor Metrics timeline; net4people/bbs #197,6.95,-15.66
IR-sstatic-6,ir,censor,rendezvous name (front domain cdn.sstatic.net),2023-03-03,2023-03-03,range,True,False,"bracket(pre7,post7)",-0.14,-0.23,-0.25,-0.12,47.7,-9.6,9.4,321.0,-11.48,-6.47,-0.14,-17.44,44234.0,44245.0,14,2023-02-14,41864.0,7,36556.0,7,39210.0,39253.5,39154.0,39162.0,1,1,36520.0,10,14,1,2,1,8,excl_primary,snowflake,cdn.sstatic.net (front used by Snowflake and Moat) blocked in some ISPs in Iran,Tor Metrics timeline; net4people/bbs #197,-1.21,1.07
IR-sstatic-7,ir,censor,rendezvous name (front domain cdn.sstatic.net),2023-03-08,2023-03-08,range,True,False,"bracket(pre7,post7)",1.81,0.94,0.73,2.02,63.7,-9.6,9.3,325.0,-12.79,-0.25,1.81,-12.0,42045.5,42495.5,14,2023-02-20,36759.0,7,35267.0,7,36013.0,36399.0,36666.0,36741.0,1,1,37000.0,10,14,1,2,1,9,excl_primary,snowflake,cdn.sstatic.net (front used by Snowflake and Moat) blocked in some ISPs in Iran,Tor Metrics timeline; net4people/bbs #197,9.18,-7.37
IR-sstatic-8,ir,censor,rendezvous name (front domain cdn.sstatic.net),2023-03-13,2023-03-13,range,True,False,"bracket(pre7,post7)",-0.08,-0.08,-0.1,-0.05,47.7,-9.6,9.2,329.0,-9.0,0.87,-0.08,1.58,40520.5,40980.0,14,2023-02-23,36556.0,7,37247.0,7,36901.5,36910.5,36873.0,36882.0,1,1,41162.0,13,14,1,1,1,6,excl_primary,snowflake,cdn.sstatic.net (front used by Snowflake and Moat) blocked in some ISPs in Iran,Tor Metrics timeline; net4people/bbs #197,-7.01,6.93
IR-sstatic-9,ir,censor,rendezvous name (front domain cdn.sstatic.net),2023-03-19,2023-03-19,range,True,False,"bracket(pre7,post7)",-2.69,-2.74,-2.79,-2.64,27.3,-9.6,9.2,330.0,2.83,7.12,-2.69,13.89,36738.5,36765.5,14,2023-02-28,35267.0,7,42373.0,7,38820.0,38862.0,37777.0,37797.0,1,1,41842.0,14,14,1,0,1,5,excl_primary,snowflake,cdn.sstatic.net (front used by Snowflake and Moat) blocked in some ISPs in Iran,Tor Metrics timeline; net4people/bbs #197,-3.44,0.75
CN-front-2023-05,cn,censor (Snowflake possibly collateral),rendezvous channel (front SNI; triggered by 2-3 same-SNI HTTPS connections),2023-05-12,2023-05-14,range,True,False,"bracket(pre7,post7)",-46.07,-45.82,-46.37,-45.52,0.0,-10.9,10.8,347.0,-40.96,-47.73,-46.07,20.24,1988.5,2000.5,14,2023-04-28,2246.0,7,2108.0,7,2177.0,2189.0,1174.0,1186.0,3,3,2391.0,14,14,0,0,0,0,excl_primary,snowflake,"Timeline: 'Block of Snowflake default front domain in China'; Bocovich et al. 2024: censorship apparently triggered by multiple same-SNI HTTPS connections to certain IPs, user count about halved, back on 2023-05-15",Tor Metrics timeline; Bocovich et al. 2024 Sec. 5.3,49.69,-95.76
TM-front-2021-10,tm,censor,rendezvous name (default broker front domain; DNS + TLS SNI),2021-10-24,2021-10-30,point (+7 d),True,True,pre14,-92.86,-89.29,-92.86,-89.29,5.3,-76.7,64.2,113.0,-92.86,-92.86,,,28.0,28.0,14,2021-10-10,28.0,7,,0,,,2.0,3.0,5,7,0.0,2,14,14,0,0,0,excl_primary,snowflake,Snowflake users in Turkmenistan drop to zero; Bocovich et al. 2024: 'caused by blocking of the default broker front domain' (timeline row still marked X),Tor Metrics timeline; Bocovich et al. 2024 Sec. 5.4,26.5,-119.35
IR-rdvTLS-2022-10,ir,censor,rendezvous TLS fingerprint (Go crypto/tls),2022-10-04,2022-10-10,point (+7 d),True,True,pre14,15205.68,15042.13,15033.71,15214.2,100.0,-25.7,36.7,230.0,15205.68,15561.63,,11669.32,88.0,89.0,14,2022-09-07,86.0,7,,0,,,13469.0,13476.5,6,7,10357.0,11,14,1,2,16,0,excl_primary,snowflake,"Snowflake rendezvous blocked by TLS fingerprint in Iran, during protests with daily shutdowns and a usage surge (not interpretable as a % change)",Tor Metrics timeline; Bocovich et al. 2024 Sec. 5.2,1182.08,14023.6
RU-2021-12-01,ru,censor,data path (DTLS fingerprint) + other Tor blocking,2021-12-01,2021-12-07,point (+7 d),True,False,pre14,101.23,100.92,100.92,101.23,92.1,-4.0,392.1,89.0,101.23,93.79,,495.39,325.5,326.0,14,2021-11-17,338.0,7,,0,,,655.0,655.0,7,7,1938.0,13,14,1,0,0,0,excl_primary,snowflake,"Russia blocks Tor directory authorities, relays, default obfs4, meek-azure and Snowflake in some ISPs (Snowflake via DTLS Server Hello supported_groups; fixed in Tor Browser 11.0.3, 2021-12-20)",Tor Metrics timeline; Bocovich et al. 2024 Sec. 5.1,18.36,82.87
RU-DTLS-2024-11,ru,censor,data path (DTLS fingerprint),2024-11-06,2024-11-21,range,True,False,"bracket(pre7,post7)",-20.69,-20.67,-20.77,-20.6,2.4,-12.1,10.5,509.0,-27.58,-30.06,-20.69,-19.78,11655.5,11666.0,14,2024-10-21,12069.0,7,9217.0,7,10643.0,10653.5,8441.0,8451.0,15,16,9350.0,14,14,2,0,1,0,excl_primary,snowflake,Blocking of Snowflake DTLS connections in Russia,Tor Metrics timeline,2.79,-23.48
RU-DTLS-2026-03-03(timeline),ru,censor,data path (DTLS fingerprint),2026-03-03,2026-03-09,point (+7 d),True,False,pre14,4.96,4.97,4.95,4.98,61.9,-10.9,15.5,331.0,4.96,4.33,,20.27,21491.0,21492.5,14,2026-02-17,21620.0,7,,0,,,22556.5,22560.5,6,7,25847.0,14,14,0,1,0,0,excl_primary,snowflake,Timeline date for blocking of the default pion/dtls fingerprint (links net4people #603),Tor Metrics timeline (date conflicts with #603),0.82,4.14
RU-DTLS-2026-03-30(#603),ru,censor,data path (DTLS fingerprint),2026-03-30,2026-04-05,point (+7 d),True,False,pre14,-34.36,-34.37,-34.38,-34.35,2.7,-12.8,15.3,301.0,-34.36,-35.79,,,26995.0,27003.0,14,2026-03-15,27596.0,7,,0,,,17719.5,17722.0,4,7,15274.0,3,14,13,3,0,7,excl_primary,snowflake,"Snowflake-targeted DTLS filtering in Russia, 'starting 2026-03-30' (net4people #603 title)",net4people/bbs #603,-0.53,-33.83
Fastly-2024-03-01,ALL,provider,rendezvous name (Fastly fronts in use),2024-03-01,2024-03-07,point (+7 d),True,False,pre14,-32.51,-32.51,-32.51,-32.51,2.6,-11.0,9.5,572.0,-32.51,-33.75,,-27.79,48046.5,48046.5,14,2024-02-16,48948.0,7,,0,,,32428.0,32428.0,7,7,34695.0,10,14,4,0,0,0,excl_primary,snowflake,"Fastly stops supporting domain fronting (Snowflake, Moat, Connection Assist); Tor Browser 13.0.11 workaround 2024-03-06",Tor Metrics timeline; rdsys-admin commit 2024-03-01,,
Fastly-2024-03-01,ru,provider,rendezvous name (Fastly fronts in use),2024-03-01,2024-03-07,point (+7 d),True,False,pre14,-78.2,-77.88,-78.29,-77.79,1.7,-13.3,17.3,526.0,-78.2,-79.28,,-66.04,9719.5,9762.5,14,2024-02-16,10228.0,7,,0,,,2119.0,2159.0,7,7,3301.0,10,14,3,1,0,0,excl_primary,snowflake,"Fastly stops supporting domain fronting (Snowflake, Moat, Connection Assist); Tor Browser 13.0.11 workaround 2024-03-06",Tor Metrics timeline; rdsys-admin commit 2024-03-01,3.99,-82.19
Fastly-2024-03-01,ir,provider,rendezvous name (Fastly fronts in use),2024-03-01,2024-03-07,point (+7 d),True,False,pre14,-9.29,-9.31,-9.45,-9.14,16.3,-12.9,15.1,441.0,-9.29,-9.07,,-10.17,26223.5,26272.0,14,2024-02-16,26161.0,7,,0,,,23788.5,23827.0,6,7,23557.5,10,14,3,1,1,0,excl_primary,snowflake,"Fastly stops supporting domain fronting (Snowflake, Moat, Connection Assist); Tor Browser 13.0.11 workaround 2024-03-06",Tor Metrics timeline; rdsys-admin commit 2024-03-01,8.41,-17.69
Fastly-2024-03-01,cn,provider,rendezvous name (Fastly fronts in use),2024-03-01,2024-03-07,point (+7 d),True,False,pre14,-90.78,-88.75,-91.19,-88.24,0.0,-18.2,28.9,488.0,-90.78,-90.94,,-51.8,1139.0,1191.5,14,2024-02-16,1159.0,7,,0,,,105.0,134.0,7,7,549.0,10,14,3,1,0,0,excl_primary,snowflake,"Fastly stops supporting domain fronting (Snowflake, Moat, Connection Assist); Tor Browser 13.0.11 workaround 2024-03-06",Tor Metrics timeline; rdsys-admin commit 2024-03-01,1.77,-92.55
Fastly-2024-03-01,tm,provider,rendezvous name (Fastly fronts in use),2024-03-01,2024-03-07,point (+7 d),True,True,pre14,-100.0,-25.0,-100.0,200.0,20.3,-100.0,200.0,202.0,-100.0,-100.0,,100.0,0.5,2.0,14,2024-02-16,1.0,7,,0,,,0.0,1.5,6,7,1.0,10,14,3,1,2,0,excl_primary,snowflake,"Fastly stops supporting domain fronting (Snowflake, Moat, Connection Assist); Tor Browser 13.0.11 workaround 2024-03-06",Tor Metrics timeline; rdsys-admin commit 2024-03-01,35.29,-135.29
FrontDNS-2023-09-20,ALL,provider,rendezvous name (front resolves to a different CDN),2023-09-20,2023-09-26,point (+7 d),False,False,pre14,,,,,,,,,,,,,55437.5,55437.5,14,2023-09-03,52899.0,7,,0,,,29892.0,29892.0,2,7,22271.0,13,14,7,2,0,0,excl_primary,snowflake,"Front domain used by Snowflake, Moat and Connection Assist sometimes resolves to a different CDN ('not caused by any censor action', Bocovich et al. 2024 Sec. 4.1)",Tor Metrics timeline; Bocovich et al. 2024,,
FrontDNS-2023-09-20,ru,provider,rendezvous name (front resolves to a different CDN),2023-09-20,2023-09-26,point (+7 d),False,False,pre14,,,,,,,,,,,,,8791.5,8797.0,14,2023-09-03,8794.0,7,,0,,,1309.5,1361.0,2,7,1325.0,13,14,7,2,0,0,excl_primary,snowflake,"Front domain used by Snowflake, Moat and Connection Assist sometimes resolves to a different CDN ('not caused by any censor action', Bocovich et al. 2024 Sec. 4.1)",Tor Metrics timeline; Bocovich et al. 2024,,
FrontDNS-2023-09-20,ir,provider,rendezvous name (front resolves to a different CDN),2023-09-20,2023-09-26,point (+7 d),False,False,pre14,,,,,,,,,,,,,32644.0,32649.0,13,2023-08-23,32178.0,7,,0,,,,,0,7,,0,14,7,2,29,0,excl_primary,snowflake,"Front domain used by Snowflake, Moat and Connection Assist sometimes resolves to a different CDN ('not caused by any censor action', Bocovich et al. 2024 Sec. 4.1)",Tor Metrics timeline; Bocovich et al. 2024,,
FrontDNS-2023-09-20,cn,provider,rendezvous name (front resolves to a different CDN),2023-09-20,2023-09-26,point (+7 d),False,False,pre14,,,,,,,,,,,,,3055.5,3061.5,14,2023-08-25,3134.0,7,,0,,,,,0,7,120.0,4,14,7,2,21,0,excl_primary,snowflake,"Front domain used by Snowflake, Moat and Connection Assist sometimes resolves to a different CDN ('not caused by any censor action', Bocovich et al. 2024 Sec. 4.1)",Tor Metrics timeline; Bocovich et al. 2024,,
DNSSEC-2025-09-20,ALL,operator (Tor's own domains),operator name (torproject.org/.net DNSSEC outage),2025-09-20,2025-09-21,range,True,False,"bracket(pre7,post7)",-10.2,-10.2,-10.2,-10.2,10.7,-18.6,16.8,643.0,3.23,2.79,-10.2,29.67,30252.5,30252.5,14,2025-09-02,30383.0,7,39175.0,7,34779.0,34779.0,31230.0,31230.0,2,2,39229.5,14,14,6,1,0,0,excl_primary,snowflake,DNSSEC outage prevents resolution of torproject.org/.net; affects Snowflake,Tor Metrics timeline,,
DNSSEC-2025-09-20,ru,operator (Tor's own domains),operator name (torproject.org/.net DNSSEC outage),2025-09-20,2025-09-21,range,True,False,"bracket(pre7,post7)",-11.14,-11.13,-11.21,-11.06,6.2,-12.9,8.9,612.0,5.7,6.46,-11.14,41.64,9944.0,9952.0,14,2025-09-05,9873.0,7,13784.0,7,11828.5,11838.0,10510.5,10520.5,2,2,14084.5,14,14,0,1,0,0,excl_primary,snowflake,DNSSEC outage prevents resolution of torproject.org/.net; affects Snowflake,Tor Metrics timeline,-11.18,0.04
DNSSEC-2025-09-20,ir,operator (Tor's own domains),operator name (torproject.org/.net DNSSEC outage),2025-09-20,2025-09-21,range,True,False,"bracket(pre7,post7)",-12.43,-12.41,-12.6,-12.24,8.6,-17.0,9.6,394.0,3.54,2.13,-12.43,35.91,4236.5,4245.0,14,2025-09-03,4295.0,7,5723.0,7,5009.0,5019.0,4386.5,4396.0,2,2,5758.0,14,14,0,1,2,0,excl_primary,snowflake,DNSSEC outage prevents resolution of torproject.org/.net; affects Snowflake,Tor Metrics timeline,-13.52,1.09
DNSSEC-2025-09-20,cn,operator (Tor's own domains),operator name (torproject.org/.net DNSSEC outage),2025-09-20,2025-09-21,range,True,False,"bracket(pre7,post7)",-13.81,-13.74,-14.57,-12.97,3.5,-11.8,11.1,680.0,-2.93,-1.76,-13.81,19.78,1006.0,1015.0,14,2025-09-05,994.0,7,1272.0,7,1133.0,1143.0,976.5,986.0,2,2,1205.0,14,14,0,1,0,0,excl_primary,snowflake,DNSSEC outage prevents resolution of torproject.org/.net; affects Snowflake,Tor Metrics timeline,7.02,-20.83
DNSSEC-2025-09-20,tm,operator (Tor's own domains),operator name (torproject.org/.net DNSSEC outage),2025-09-20,2025-09-21,range,True,False,"bracket(pre7,post7)",4.1,4.07,3.81,4.36,61.9,-33.0,30.0,160.0,-6.6,-6.78,4.1,-24.28,4010.0,4018.5,14,2025-09-04,4018.0,7,3178.0,7,3598.0,3608.0,3745.5,3755.0,2,2,3036.5,14,14,0,1,1,0,excl_primary,snowflake,DNSSEC outage prevents resolution of torproject.org/.net; affects Snowflake,Tor Metrics timeline,-4.89,8.99
CDN77-outage-2025-06-10,ALL,provider,"rendezvous name (CDN77 fronting, 5.5 h)",2025-06-10,2025-06-10,range,True,False,"bracket(pre7,post7)",-25.64,-25.64,-25.64,-25.64,2.4,-17.8,13.8,617.0,-12.54,-11.06,-25.64,15.46,25244.0,25244.0,14,2025-05-27,24824.0,7,34560.0,7,29692.0,29692.0,22078.0,22078.0,1,1,29147.5,14,14,0,0,0,0,excl_primary,snowflake,Temporary outage of CDN77 domain fronting 13:55-19:24 UTC,Tor Metrics timeline,,
