period,date_from,date_to,n_windows,country,method,polls_sum,polls_per_window,share_of_country_polls_pct,share_of_global_method_pct
v2_post_gap_2026-09-28_to_10-03,2026-09-28,2026-10-03,6,RU,http,8518440.0,1419740.0,65.14784232436229,27.783409405975856
v2_post_gap_2026-09-28_to_10-03,2026-09-28,2026-10-03,6,RU,amp,4514568.0,752428.0,34.52678709090063,29.41528161621132
v2_post_gap_2026-09-28_to_10-03,2026-09-28,2026-10-03,6,RU,sqs,42544.0,7090.666666666667,0.32537058473707264,6.048818216974908
v2_post_gap_2026-09-28_to_10-03,2026-09-28,2026-10-03,6,IR,http,4546808.0,757801.3333333334,73.00431461355372,14.829690430920014
v2_post_gap_2026-09-28_to_10-03,2026-09-28,2026-10-03,6,IR,amp,1677440.0,279573.3333333333,26.933259003978076,10.929588389032464
v2_post_gap_2026-09-28_to_10-03,2026-09-28,2026-10-03,6,IR,sqs,3888.0,648.0,0.062426382468205574,0.5527878250187674
v2_post_gap_2026-09-28_to_10-03,2026-09-28,2026-10-03,6,CN,http,3733528.0,622254.6666666666,89.43815961196084,12.177128318409736
v2_post_gap_2026-09-28_to_10-03,2026-09-28,2026-10-03,6,CN,amp,136088.0,22681.333333333332,3.2600425831204496,0.886699866872526
v2_post_gap_2026-09-28_to_10-03,2026-09-28,2026-10-03,6,CN,sqs,304808.0,50801.333333333336,7.301797804918714,43.336973088559795
v2_post_gap_2026-09-28_to_10-03,2026-09-28,2026-10-03,6,TM,http,7288.0,1214.6666666666667,6.9760318554253775,0.023770254618304766
v2_post_gap_2026-09-28_to_10-03,2026-09-28,2026-10-03,6,TM,amp,97184.0,16197.333333333334,93.02396814457462,0.6332155653851888
v2_post_gap_2026-09-28_to_10-03,2026-09-28,2026-10-03,6,TM,sqs,0.0,0.0,0.0,0.0
v2_post_gap_2026-09-28_to_10-03,2026-09-28,2026-10-03,6,US,http,2961376.0,493562.6666666667,51.066729757656105,9.658707675704843
v2_post_gap_2026-09-28_to_10-03,2026-09-28,2026-10-03,6,US,amp,2785960.0,464326.6666666667,48.04181111606213,18.152301166246712
v2_post_gap_2026-09-28_to_10-03,2026-09-28,2026-10-03,6,US,sqs,51696.0,8616.0,0.8914591262817656,7.350030710434723
v2_post_gap_2026-09-28_to_10-03,2026-09-28,2026-10-03,6,??,http,712.0,118.66666666666667,0.01641300278652216,0.0023222312415248345
v2_post_gap_2026-09-28_to_10-03,2026-09-28,2026-10-03,6,??,amp,4292776.0,715462.6666666666,98.95694445212844,27.970165684803764
v2_post_gap_2026-09-28_to_10-03,2026-09-28,2026-10-03,6,??,sqs,44536.0,7422.666666666667,1.0266425450850434,6.332036670533906
v2_post_gap_2026-09-28_to_10-03,2026-09-28,2026-10-03,6,ALL,http,30660168.0,5110028.0,65.63771161730607,100.0
v2_post_gap_2026-09-28_to_10-03,2026-09-28,2026-10-03,6,ALL,amp,15347696.0,2557949.3333333335,32.85655982178838,100.0
v2_post_gap_2026-09-28_to_10-03,2026-09-28,2026-10-03,6,ALL,sqs,703344.0,117224.0,1.505728560905554,100.0
v2_last28_pre_gap_2026-06-02_to_06-29,2026-06-02,2026-06-29,28,RU,http,42655392.0,1523406.857142857,46.305398355422795,24.51018803103387
v2_last28_pre_gap_2026-06-02_to_06-29,2026-06-02,2026-06-29,28,RU,amp,49192896.0,1756889.142857143,53.40231419129578,28.168594188286743
v2_last28_pre_gap_2026-06-02_to_06-29,2026-06-02,2026-06-29,28,RU,sqs,269248.0,9616.0,0.29228745328142514,8.750955543190551
v2_last28_pre_gap_2026-06-02_to_06-29,2026-06-02,2026-06-29,28,IR,http,51393376.0,1835477.7142857143,65.52904463475421,29.531115534224217
v2_last28_pre_gap_2026-06-02_to_06-29,2026-06-02,2026-06-29,28,IR,amp,27017856.0,964923.4285714285,34.449075533768436,15.470831835181407
v2_last28_pre_gap_2026-06-02_to_06-29,2026-06-02,2026-06-29,28,IR,sqs,17160.0,612.8571428571429,0.021879831477355803,0.5577252091794549
v2_last28_pre_gap_2026-06-02_to_06-29,2026-06-02,2026-06-29,28,CN,http,12075104.0,431253.71428571426,78.63963909047382,6.93846793236103
v2_last28_pre_gap_2026-06-02_to_06-29,2026-06-02,2026-06-29,28,CN,amp,1755496.0,62696.28571428572,11.432743922103729,1.0052234863985365
v2_last28_pre_gap_2026-06-02_to_06-29,2026-06-02,2026-06-29,28,CN,sqs,1524384.0,54442.28571428572,9.927616987422455,49.54471942131784
v2_last28_pre_gap_2026-06-02_to_06-29,2026-06-02,2026-06-29,28,TM,http,39264.0,1402.2857142857142,4.064798250844762,0.022561462401998647
v2_last28_pre_gap_2026-06-02_to_06-29,2026-06-02,2026-06-29,28,TM,amp,926680.0,33095.71428571428,95.93437355065262,0.5306309444030609
v2_last28_pre_gap_2026-06-02_to_06-29,2026-06-02,2026-06-29,28,TM,sqs,8.0,0.2857142857142857,0.0008281985026171073,0.0002600117525312144
v2_last28_pre_gap_2026-06-02_to_06-29,2026-06-02,2026-06-29,28,US,http,17810544.0,636090.8571428572,35.182939375464024,10.234105511795605
v2_last28_pre_gap_2026-06-02_to_06-29,2026-06-02,2026-06-29,28,US,amp,32510824.0,1161100.857142857,64.22186485928677,18.616188158200995
v2_last28_pre_gap_2026-06-02_to_06-29,2026-06-02,2026-06-29,28,US,sqs,301304.0,10760.857142857143,0.5951957652492148,9.792822635583128
v2_last28_pre_gap_2026-06-02_to_06-29,2026-06-02,2026-06-29,28,??,http,280.0,10.0,0.0005684717757011774,0.00016089062430113134
v2_last28_pre_gap_2026-06-02_to_06-29,2026-06-02,2026-06-29,28,??,amp,48968928.0,1748890.2857142857,99.41947662265396,28.04034673354933
v2_last28_pre_gap_2026-06-02_to_06-29,2026-06-02,2026-06-29,28,??,sqs,285656.0,10202.0,0.5799549055703412,9.284239647632074
v2_last28_pre_gap_2026-06-02_to_06-29,2026-06-02,2026-06-29,28,ALL,http,174031272.0,6215402.571428572,49.476482765490864,100.0
v2_last28_pre_gap_2026-06-02_to_06-29,2026-06-02,2026-06-29,28,ALL,amp,174637384.0,6237049.428571428,49.64879829003611,100.0
v2_last28_pre_gap_2026-06-02_to_06-29,2026-06-02,2026-06-29,28,ALL,sqs,3076784.0,109885.14285714286,0.8747189444730257,100.0
v2_full_2025-08-21_to_2026-06-29,2025-08-21,2026-06-29,311,RU,http,603707144.0,1941180.5273311897,54.64924176282822,21.53396528237679
v2_full_2025-08-21_to_2026-06-29,2025-08-21,2026-06-29,311,RU,amp,499771688.0,1606982.9196141479,45.24071658779104,33.30999555361683
v2_full_2025-08-21_to_2026-06-29,2025-08-21,2026-06-29,311,RU,sqs,1215624.0,3908.75884244373,0.11004164938074062,3.6185893947775702
v2_full_2025-08-21_to_2026-06-29,2025-08-21,2026-06-29,311,IR,http,729445000.0,2345482.31511254,78.20468473555881,26.018978674539817
v2_full_2025-08-21_to_2026-06-29,2025-08-21,2026-06-29,311,IR,amp,203190976.0,653347.1897106109,21.784351416749033,13.542764965699824
v2_full_2025-08-21_to_2026-06-29,2025-08-21,2026-06-29,311,IR,sqs,102264.0,328.8231511254019,0.010963847692145656,0.30441273442078587
v2_full_2025-08-21_to_2026-06-29,2025-08-21,2026-06-29,311,CN,http,120301200.0,386820.57877813507,83.16281554547074,4.2910902910041875
v2_full_2025-08-21_to_2026-06-29,2025-08-21,2026-06-29,311,CN,amp,6280576.0,20194.778135048233,4.341688889282155,0.41860306147264703
v2_full_2025-08-21_to_2026-06-29,2025-08-21,2026-06-29,311,CN,sqs,18075664.0,58121.106109324755,12.495495565247111,53.80644512938434
v2_full_2025-08-21_to_2026-06-29,2025-08-21,2026-06-29,311,TM,http,209776.0,674.5209003215434,0.5055175675162454,0.007482616606365476
v2_full_2025-08-21_to_2026-06-29,2025-08-21,2026-06-29,311,TM,amp,41287152.0,132756.11575562702,99.4936534623288,2.751806239855472
v2_full_2025-08-21_to_2026-06-29,2025-08-21,2026-06-29,311,TM,sqs,344.0,1.1061093247588425,0.0008289701549538004,0.001023996525079699
v2_full_2025-08-21_to_2026-06-29,2025-08-21,2026-06-29,311,US,http,411349016.0,1322665.646302251,60.22950208339668,14.6726364223443
v2_full_2025-08-21_to_2026-06-29,2025-08-21,2026-06-29,311,US,amp,270082712.0,868433.1575562701,39.54536569279997,18.001127618555245
v2_full_2025-08-21_to_2026-06-29,2025-08-21,2026-06-29,311,US,sqs,1537584.0,4944.0,0.2251322238033442,4.57697870063414
v2_full_2025-08-21_to_2026-06-29,2025-08-21,2026-06-29,311,??,http,8430824.0,27108.75884244373,2.249401178816479,0.30072374183769646
v2_full_2025-08-21_to_2026-06-29,2025-08-21,2026-06-29,311,??,amp,363762072.0,1169652.964630225,97.05419465114264,24.24489680354691
v2_full_2025-08-21_to_2026-06-29,2025-08-21,2026-06-29,311,??,sqs,2610144.0,8392.745980707396,0.6964041700408833,7.769704610341936
v2_full_2025-08-21_to_2026-06-29,2025-08-21,2026-06-29,311,ALL,http,2803511272.0,9014505.697749196,64.63470290276011,100.0
v2_full_2025-08-21_to_2026-06-29,2025-08-21,2026-06-29,311,ALL,amp,1500365520.0,4824326.430868167,34.590793552102824,100.0
v2_full_2025-08-21_to_2026-06-29,2025-08-21,2026-06-29,311,ALL,sqs,33593864.0,108018.85530546623,0.7745035451370671,100.0
